Front Weight,Inference,Truth Bit,NOUN 1,NOUN1_ID,Verb,Verb descriptor,NOUN 2,NOUN2_ID,Back weight,Definition,End time
10000000,0,1,Computer Science,-5,includes,utilizing,Data Structures,-5,10000000,Data structures are organized ways to store, manage, and retrieve data efficiently, enabling effective data manipulation and access within computer programs,NULL
10000000,0,1,Computer Science,-5,includes,,Algorithm,-5,10000000,,
10000000,0,1,Computer Science,-5,includes,,Programming Language,-5,10000000,,
10000000,0,1,Computer Science,-5,includes,,Artificial Intelligence,-5,10000000,,
10000000,0,1,Computer Science,-5,includes,,Machine Learning,-5,10000000,,
10000000,0,1,Computer Science,-5,includes,,Operating System,-5,10000000,,
10000000,0,1,Computer Science,-5,includes,,Database System,-5,10000000,,
10000000,0,1,Computer Science,-5,includes,,Computer Networks,-5,10000000,,
10000000,0,1,Computer Science,-5,includes,,Cyber Security,-5,10000000,,
100000,0,1,Computer Science_Programming Language,-5,includes,,C,-5,10000000,,
100000,0,1,Computer Science_Programming Language,-5,includes,,C++,-5,10000000,,
100000,0,1,Computer Science_Programming Language,-5,includes,,Python,-5,10000000,,
100000,0,1,Computer Science_Programming Language,-5,includes,,JavaScript,-5,10000000,,
100000,0,1,Computer Science_Programming Language,-5,includes,,PHP,-5,10000000,,
100000,0,1,Computer Science_Programming Language,-5,includes,,R,-5,10000000,,
100000,0,1,Computer Science_Programming Language,-5,includes,,SQL,-5,10000000,,
100000,0,1,Computer Science_Programming Language,-5,includes,,HTML,-5,10000000,,
100000,0,1,Computer Science_Programming Language,-5,includes,,CSS,-5,10000000,,
100000,0,1,Computer Science_Programming Language,-5,includes,,Ruby,-5,10000000,,
100000,0,1,Computer Science_Programming Language,-5,includes,,Java,-5,10000000,,
100000,0,1,Computer Science_Programming Language,-5,includes,,Prolog,-5,10000000,,
100000,0,1,Computer Science_Programming Language,-5,includes,,lisp,-5,10000000,,
100000,0,1,Computer Science_Programming Language_paradigm,-5,includes,,imperative,-5,10000000,,
100000,0,1,Computer Science_Programming Language_paradigm,-5,includes,,functional,-5,10000000,,
100000,0,1,Computer Science_Programming Language_paradigm,-5,includes,,object oriented programming,-5,10000000,,
100000,0,1,Computer Science_Programming Language_paradigm,-5,includes,,declarative,-5,10000000,,
100000,0,1,Computer Science_Programming Language_paradigm,-5,includes,,procedural,-5,10000000,,
100000,0,1,Computer Science_Programming Language_paradigm,-5,includes,,logical,-5,10000000,,
100000,0,1,Computer Science_Programming Language_paradigm,-5,includes,,event driven,-5,10000000,,
100000,0,1,Computer Science_Programming Language_paradigm,-5,includes,,aspect oriented,-5,10000000,,
100000,0,1,Computer Science_Programming Language_paradigm,-5,includes,,meta,-5,10000000,,
100000,0,1,Computer Science_Programming Language_paradigm_imperative,-5,includes,,C,-5,10000000,,
100000,0,1,Computer Science_Programming Language_paradigm_imperative,-5,includes,,C++,-5,10000000,,
100000,0,1,Computer Science_Programming Language_paradigm_imperative,-5,includes,,Java,-5,10000000,,
100000,0,1,Computer Science_Programming Language_paradigm_imperative,-5,includes,,Fortan,-5,10000000,,
100000,0,1,Computer Science_Programming Language_paradigm_functional,-5,includes,,Python (to some extent),-5,10000000,,
100000,0,1,Computer Science_Programming Language_paradigm_functional,-5,includes,,Haskell,-5,10000000,,
100000,0,1,Computer Science_Programming Language_paradigm_functional,-5,includes,,Lisp,-5,10000000,,
100000,0,1,Computer Science_Programming Language_paradigm_functional,-5,includes,,F#,-5,10000000,,
100000,0,1,Computer Science_Programming Language_paradigm_Object oriented programming,-5,includes,,Clojure,-5,10000000,,
100000,0,1,Computer Science_Programming Language_paradigm_Object oriented programming,-5,includes,,Java,-5,10000000,,
100000,0,1,Computer Science_Programming Language_paradigm_Object oriented programming,-5,includes,,C++,-5,10000000,,
100000,0,1,Computer Science_Programming Language_paradigm_Object oriented programming,-5,includes,,C#,-5,10000000,,
100000,0,1,Computer Science_Programming Language_paradigm_procedural,-5,includes,,Python (with classes),-5,10000000,,
100000,0,1,Computer Science_Programming Language_paradigm_procedural,-5,includes,,C,-5,100000,,
100000,0,1,Computer Science_Programming Language_paradigm_procedural,-5,includes,,Pascal,-5,100000,,
100000,0,1,Computer Science_Programming Language_paradigm_procedural,-5,includes,,Fortran,-5,100000,,
100000,0,1,Computer Science_Programming Language_paradigm_procedural,-5,includes,,COBOL,-5,10000000,,
100000,0,1,Computer Science_Programming Language_paradigm_declarative,-5,includes,,SQL,-5,10000000,,
100000,0,1,Computer Science_Programming Language_paradigm_declarative,-5,includes,,Prolog,-5,10000000,,
100000,0,1,Computer Science_Programming Language_paradigm_declarative,-5,includes,,Datalog,-5,10000000,,
100000,0,1,Computer Science_Programming Language_paradigm_logical,-5,includes,,Prolog,-5,10000000,,
100000,0,1,Computer Science_Programming Language_paradigm_logical,-5,includes,,Datalog,-5,10000000,,
100000,0,1,Computer Science_Programming Language_paradigm_logical,-5,includes,,Mercury,-5,10000000,,
100000,0,1,Computer Science_Programming Language_paradigm_aspect oriented,-5,includes,,Aspect J,-5,10000000,,
100000,0,1,Computer Science_Programming Language_paradigm_aspect oriented,-5,includes,,Spring,-5,10000000,,
100000,0,1,Computer Science_Programming Language_paradigm_meta,-5,includes,,Ruby,-5,10000000,,
100000,0,1,Computer Science_Programming Language_paradigm_meta,-5,includes,,Lisp,-5,10000000,,
100000,0,1,Computer Science_Programming Language_paradigm_meta,-5,includes,,Python (with macros),-5,10000000,,
10000000,0,1,Computer Science_Programming Language,-5,has,,abstraction,-5,10000000,,
100000,0,1,Computer Science_Programming Language_abstraction,-5,includes,,low level,-5,10000000,,
100000,0,1,Computer Science_Programming Language_abstraction,-5,includes,,mid level,-5,10000000,,
100000,0,1,Computer Science_Programming Language_abstraction,-5,includes,,high level,-5,10000000,,
100000,0,1,Computer Science_Programming Language_abstraction_low level,-5,includes,,C,-5,10000000,,
100000,0,1,Computer Science_Programming Language_abstraction_mid level,-5,includes,,C++,-5,10000000,,
100000,0,1,Computer Science_Programming Language_abstraction_mid level,-5,includes,,Rust,-5,10000000,,
100000,0,1,Computer Science_Programming Language_abstraction_mid level,-5,includes,,GO,-5,10000000,,
100000,0,1,Computer Science_Programming Language_abstraction_high level,-5,includes,,Python,-5,10000000,,
100000,0,1,Computer Science_Programming Language_abstraction_high level,-5,includes,,Java,-5,10000000,,
100000,0,1,Computer Science_Programming Language_abstraction_high level,-5,includes,,JavaScript,-5,10000000,,
100000,0,1,Computer Science_Programming Language_abstraction_high level,-5,includes,,Ruby,-5,10000000,,
100000,0,1,Computer Science_Programming Language_abstraction_high level,-5,includes,,Swift,-5,10000000,,
100000,0,1,Computer Science_Algorithm,-5,includes,,control strcture,-5,10000000,,
100000,0,1,Computer Science_Algorithm,-5,includes,,operation,-5,10000000,,
100000,0,1,Computer Science_Algorithm,-5,includes,,computation,-5,10000000,,
10000000,0,1,Computer Science_Algorithm,-5,includes,,time complexity,-5,10000000,,
10000000,0,1,Computer Science_Algorithm,-5,includes,,space complexity,-5,10000000,,
10000000,0,1,Computer Science_Artificial Intelligence,-5,includes,,deep learning,-5,10000000,,
10000000,0,1,Computer Science_Artificial Intelligence,-5,includes,,Natural language processing,-5,10000000,,
10000000,0,1,Computer Science_Artificial Intelligence,-5,includes,,computer vision,-5,10000000,,
10000000,0,1,Computer Science_Artificial Intelligence,-5,includes,,robotics,-5,10000000,,
10000000,0,1,Computer Science_Database,-5,includes,,data model,-5,10000000,,
10000000,0,1,Computer Science_Database,-5,includes,,schema,-5,10000000,,
10000000,0,1,Computer Science_Programming Language_SQL,-5,includes,,MYSQL,,,,
100000,0,1,Computer Science_Algorithm,-5,has,,input,-5,100000,,
100000,0,1,Computer Science_Algorithm,-5,has,,output,-5,100000,,
10000000,0,1,Computer Science_Algorithm,-5,solves,,problem statement,-5,1000000,,
10000000,0,1,Computer Science_Algorithm,-5,plays,a fundamental role in,Computer Science,-5,1000000,,
10000000,0,1,Computer Science_Algorithm,-5,plays,a fundamental role in,Programming,-5,1000000,,
10000000,0,1,Computer Science_Programming Language_C,-5,is,,procedural programming language,-5,100000,,
10000000,0,1,Computer Science_Programming Language_C,-5,is,,mid level language,-5,100000,,
10000000,0,1,Computer Science_Programming Language_C,-5,is,,portable,-5,100000,,
10000,0,1,Computer Science_Programming Language_C,-5,is,,efficient,-5,10000,,
10000000,0,1,Computer Science_Programming Language_C,-5,has,,pointers,-5,10000000,,
10000000,0,1,Computer Science_Programming Language_C,-5,has,manual,memory management,-5,10000000,,
10000000,0,1,Computer Science_Programming Language_C,-5,has,,preprocessor directive,-5,10000000,,
100000,0,1,Computer Science_Programming Language_C_preprocessor directive,-5,includes,,#include,-5,700000,,
100000,0,1,Computer Science_Programming Language_C_preprocessor directive,-5,includes,,#define,-5,700000,,
100000,0,1,Computer Science_Programming Language_C_preprocessor directive,-5,includes,,#ifdef,-5,700000,,
100000,0,1,Computer Science_Programming Language_C_preprocessor directive,-5,includes,,#error,-5,700000,,
100000,0,1,Computer Science_Programming Language_C_preprocessor directive,-5,includes,,#warning,-5,700000,,
10000000,0,1,Computer Science_Programming Language_C,-5,has,structured,programming construct,-5,10000000,,
10000000,0,1,Computer Science_Programming Language_C_programming construct,-5,includes,,for,-5,10000000,,
10000000,0,1,Computer Science_Programming Language_C_programming construct,-5,includes,,while,-5,10000000,,
10000000,0,1,Computer Science_Programming Language_C_programming construct,-5,includes,,do,-5,10000000,,
10000000,0,1,Computer Science_Programming Language_C_programming construct,-5,includes,,if-else,-5,10000000,,
10000000,0,1,Computer Science_Programming Language_C_programming construct,-5,includes,,switch-case,-5,10000000,,
700000,0,1,Computer Science_Programming Language_C_programming construct_for,-5,is,a,control structure,-5,1000000,,
700000,0,1,Computer Science_Programming Language_C_programming construct_while,-5,is,a,control structure,-5,1000000,,
700000,0,1,Computer Science_Programming Language_C_programming construct_do-while,-5,is,a,control structure,-5,1000000,,
700000,0,1,Computer Science_Programming Language_C_programming construct_if-else,-5,is,a,control structure,-5,1000000,,
700000,0,1,Computer Science_Programming Language_C_programming construct_switch-case,-5,is,a,control structure,-5,1000000,,
700000,0,1,Computer Science_Programming Language_C,-5,was,developed by,Dennis RItchie,101,700000,,
700000,0,1,Computer Science_Programming Language_C,-5,was,developed in early,1970s,-5,700000,,
10000000,0,1,Computer Science_Programming Language_C,-5,was,designed for,system programming,-5,700000,,
10000000,0,1,Computer Science_Programming Language_C,-5,was,designed for developing,operating system,-5,700000,,
1000000,0,1,Computer Science_Programming Language_C,-5,is,close to,hardware,-5,1000000,,
100000,0,1,Computer Science_Programming Language_C,-5,can,access,I/O port,-5,1000000,,
10000000,0,1,Computer Science_Programming Language_C,-5,is,suitable for,embedded development,-5,700000,,
10000000,0,1,Computer Science_Programming Language_C,-5,is,suitable for,system level programming,-5,700000,,
700000,0,1,Computer Science_Programming Language_C,-5,supports,,data type,-5,1000000,,
1000000,0,1,Computer Science_Programming Language_C_data type,-5,includes,,int,-5,700000,,
1000000,0,1,Computer Science_Programming Language_C_data type,-5,includes,,float,-5,700000,,
1000000,0,1,Computer Science_Programming Language_C_data type,-5,includes,,char,-5,700000,,
1000000,0,1,Computer Science_Programming Language_C_data type,-5,includes,,pointer,-5,700000,,
1000000,0,1,Computer Science_Programming Language_C_data type,-5,includes,,double,-5,700000,,
1000000,0,1,Computer Science_Programming Language_C_data type,-5,must,be,predefined,-5,700000,,
1000000,0,1,Computer Science_Programming Language_C_data type,,can,be,type casted,,100000,,
1000000,0,1,Computer Science_Programming Language_C_data type,,must,be specified in,declaration,,100000,,
100000,0,1,Computer Science_Programming Language_C_data type,,includes,,structures,,1000000,,
10000000,0,1,Computer Science_Programming Language_C,-5,has,,header file,-5,700000,,
100000,0,1,Computer Science_Programming Language_C_header file,-5,includes,,stdio.h,-5,700000,,
100000,0,1,Computer Science_Programming Language_C_header file_stdio.h,-5,has,,printf(),-5,700000,,
100000,0,1,Computer Science_Programming Language_C_header file_stdio.h,-5,has,,scanf(),-5,700000,,
100000,0,1,Computer Science_Programming Language_C_header file,-5,includes,,stdlib.h,-5,700000,,
100000,0,1,Computer Science_Programming Language_C_header file,-5,includes,,string.h,-5,700000,,
100000,0,1,Computer Science_Programming Language_C_header file,-5,includes,,math.h,-5,700000,,
100000,0,1,Computer Science_Programming Language_C_header file,-5,includes,,ctype.h,-5,700000,,
100000,0,1,Computer Science_Programming Language_C_header file,-5,includes,,time.h,-5,700000,,
100000,0,1,Computer Science_Programming Language_C_header file,-5,includes,,stdbool.h,-5,700000,,
100000,0,1,Computer Science_Programming Language_C_header file,-5,includes,,errno.h,-5,700000,,
100000,0,1,Computer Science_Programming Language_C_header file,-5,includes,,limits.h,-5,700000,,
100000,0,1,Computer Science_Programming Language_C_header file,-5,includes,,pwd.h,-5,700000,,
100000,0,1,Computer Science_Programming Language_C_header file,-5,includes,,stddef.h,-5,700000,,
100000,0,1,Computer Science_Programming Language_C_header file_stdlib.h,-5,has,,malloc(),-5,700000,,
100000,0,1,Computer Science_Programming Language_C_header file_stdlib.h,-5,has,,calloc(),-5,700000,,
100000,0,1,Computer Science_Programming Language_C_header file_stdlib.h,-5,has,,realloc(),-5,700000,,
100000,0,1,Computer Science_Programming Language_C_header file_stdlib.h,-5,has,,free(),-5,700000,,
100000,0,1,Computer Science_Programming Language_C_header file_string.h,-5,has,,strcpy(),-5,700000,,
100000,0,1,Computer Science_Programming Language_C_header file_string.h,-5,has,,strlen(),-5,700000,,
100000,0,1,Computer Science_Programming Language_C_header file_string.h,-5,has,,strcat(),-5,700000,,
100000,0,1,Computer Science_Programming Language_C_header file_math.h,-5,has,,sin(),-5,700000,,
100000,0,1,Computer Science_Programming Language_C_header file_math.h,-5,has,,cos(),-5,700000,,
100000,0,1,Computer Science_Programming Language_C_header file_ctype.h,-5,has,,isalpha(),-5,700000,,
100000,0,1,Computer Science_Programming Language_C_header file_ctype.h,-5,has,,isdigit(),-5,700000,,
100000,0,1,Computer Science_Programming Language_C_header file_stdbool.h,-5,has,,TRUE,-5,100000,,
100000,0,1,Computer Science_Programming Language_C_header file_stdbool.h,-5,has,,FALSE,-5,100000,,
100000,0,1,Computer Science_Programming Language_C_header file_stddef.h,-5,has,,NULL,-5,10000000,,
100000,0,1,Computer Science_Programming Language_C_header file_stddef.h,-5,has,,offsetof(),-5,700000,,
1000000,0,1,Computer Science_Programming Language_C,-5,has,,function,-5,5,,
700000,0,1,Computer Science_Programming Language_C_function,-5,is,fundamental building block in,C Programming language,-5,5,,
1000000,0,1,Computer Science_Programming Language_C_function,-5,promotes,,modularised code,-5,5,,
1000000,0,1,Computer Science_Programming Language_C_function,-5,improves,,readability,-5,5,,
10000000,0,1,Computer Science_Programming Language_C_function,-5,promotes,,code reuse,-5,5,,
10000000,0,1,Computer Science_Programming Language_C_function,-5,is,self contained,block of code,-5,5,,
10000000,0,1,Computer Science_Programming Language_C_function,-5,is,named,block of code,-5,5,,
1000000,0,1,Computer Science_Programming Language_C_function,-5,performs,specific,task,-5,5,,
1000000,0,1,Computer Science_Programming Language_C_function,-5,breaks,down a,program,-5,5,,
1000000,0,1,Computer Science_Programming Language_C_function,-5,has,,definition,,,,
10000000,0,,Computer Science_Programming Language_C_function_definition,-5,can,not be,nested,,,,
10000000,0,,Computer Science_Programming Language_C_function_definition,-5,must,be,unique,,,,
1000000,0,1,Computer Science_Programming Language_C_function,-5,has,,syntax,-5,5,,
700000,0,1,Computer Science_Programming Language_C_function,-5,has,,return type,-5,5,,
700000,0,1,Computer Science_Programming Language_C_function,-5,has,,name,-5,5,,
700000,0,1,Computer Science_Programming Language_C_function,-5,has,,parameter list,-5,5,,
700000,0,1,Computer Science_Programming Language_C_function,-5,has,,parameter,-5,5,,
700000,0,1,Computer Science_Programming Language_C_function_syntax,-5,uses,,parenthesis (),-5,5,,
700000,0,1,Computer Science_Programming Language_C_function_parameter,-5,can,be any,data type,-5,5,,
1000000,0,1,Computer Science_Programming Language_C_function_parameter_data type,-5,includes,,primitive data type,-5,5,,
1000000,0,1,Computer Science_Programming Language_C_function_parameter_data type,-5,includes,,array,-5,5,,
1000000,0,1,Computer Science_Programming Language_C_function_parameter_data type,-5,includes,,pointer,-5,5,,
1000000,0,1,Computer Science_Programming Language_C_function_parameter_data type,-5,includes,,structure,-5,5,,
10000000,0,1,Computer Science_Programming Language_C_function_return type,-5,is,,optional,-5,5,,
10000000,0,1,Computer Science_Programming Language_C_function_return type,-5,is,specified in ,function declaration,-5,5,,
10000000,0,1,Computer Science_Programming Language_C_function,-5,has,,prototype,-5,5,,
100000,0,1,Computer Science_Programming Language_C_function_prototype,-5,is,placed in,header file,-5,5,,
700000,0,1,Computer Science_Programming Language_C_function,-5,supports,,recursion,-5,5,,
700000,0,1,Computer Science_Programming Language_C_function_parameter,-5,is,,pass by value,-5,5,,
10000000,0,1,Computer Science_Programming Language_C_function,-5,leads,to,smaller code,-5,5,,
700000,0,0,Computer Science_Programming Language_C_function,-5,can,be,nested,-5,5,,
100000,0,1,Computer Science_Programming Language_C_function,-5,makes,code easier to,debug,-5,5,,
100000,0,1,Computer Science_Programming Language_C_function,-5,can ,be,called,-5,5,,
10000000,0,1,Computer Science_Programming Language_C,-5,has,,structures,-5,5,,
700000,0,1,Computer Science_Programming Language_C_structures,-5,allows,creation of,complex data type,-5,5,,
7000000,0,1,Computer Science_Programming Language_C_structures,-5,are,,user defined data type,-5,5,,
10000000,0,1,Computer Science_Programming Language_C_structures,-5,has,,syntax,-5,5,,
7000000,0,1,Computer Science_Programming Language_C_structures_syntax,-5,uses,,struct keyword,-5,5,,
7000000,0,1,Computer Science_Programming Language_C_structures,-5,has,,definition,-5,5,,
1000000,0,1,Computer Science_Programming Language_C_structures_definition,-5,is,enclosed by,curly braces { },-5,5,,
1000000,0,1,Computer Science_Programming Language_C_structures,-5,has,,dot operator (.),-5,5,,
700000,0,1,Computer Science_Programming Language_C_structures,-5,can,be,nested,-5,5,,
700000,0,1,Computer Science_Programming Language_C_structures,-5,supports,,array of structures,-5,5,,
7000000,0,1,Computer Science_Programming Language_C_structures_array of structures,-5,is,,array,-5,5,,
700000,0,1,Computer Science_Programming Language_C_structures,-5,can,be passed to,function,-5,5,,
7000000,0,1,Computer Science_Programming Language_C_structures,-5,improves,,code readability,-5,5,,
7000000,0,1,Computer Science_Programming Language_C_structures,-5,promotes,,modularised code,-5,5,,
700000,0,1,Computer Science_Programming Language_C,-5,has,,typedef,-5,5,,
7000000,0,1,Computer Science_Programming Language_C_typedef,-5,enhances,,code readability,-5,5,,
7000000,0,1,Computer Science_Programming Language_C_typedef,-5,supports,,strucures,-5,5,,
70000000,0,1,Computer Science_Programming Language_C,-5,has,,pointer,-5,5,,
7000000,0,1,Computer Science_Programming Language_C_pointer,-5,works,directly with,numerical address,-5,5,,
7000000,0,1,Computer Science_Programming Language_C_pointer,-5,has,,data type,-5,5,,
1000000,0,1,Computer Science_Programming Language_C_pointer_data type,-5,includes,,void,-5,5,,
1000000,0,1,Computer Science_Programming Language_C_pointer_data type,-5,includes,,int,-5,5,,
1000000,0,1,Computer Science_Programming Language_C_pointer_data type,-5,includes,,float,-5,5,,
1000000,0,1,Computer Science_Programming Language_C_pointer_data type,-5,includes,,char,-5,5,,
7000000,0,1,Computer Science_Programming Language_C_pointer,-5,supports,,pointer arithmetic,-5,5,,
7000000,0,1,Computer Science_Programming Language_C_pointer_pointer arithmetic,-5,includes,,addition,-5,5,,
7000000,0,1,Computer Science_Programming Language_C_pointer,/de,has,,fixed size,-5,5,,
10000000,0,1,Computer Science_Programming Language_C_pointer,-5,enables,efficient,data manipulation,-5,5,,
7000000,0,1,Computer Science_Programming Language_C_pointer,-5,may,point to,functions,-5,5,,
7000000,0,1,Computer Science_Programming Language_C_pointer,-5,may,point to,structures,-5,5,,
10000000,0,1,Computer Science_Programming Language_C_function,-5,may,be pointed to by,pointer,-5,5,,
7000000,0,1,Computer Science_Programming Language_C_pointer,-5,can,be,dereferenced,-5,5,,
700000,0,1,Computer Science_Programming Language_C_pointer,-5,may,be,dangling,-5,5,,
7000000,0,1,Computer Science_Programming Language_C_pointer_dangling,-5,may,be,dereferenced,-5,5,,
70000000,0,1,Computer Science_Programming Language_C_pointer_dangling_dereferenced,-5,may,cause,segmentation fault,-5,5,,
700000,0,1,Computer Science_Programming Language_C_pointer,-5,works,on,low level,-5,5,,
70000000,0,1,Computer Science_Programming Language_C_pointer,-5,is,beauty of,C,-5,5,,
700000,0,1,Computer Science_Programming Language_C_pointer,-5,may,be,double pointer,-5,5,,
700000,0,1,Computer Science_Programming Language_C_pointer,-5,may,be,triple pointer,-5,5,,
7000000,0,1,Computer Science_Programming Language_C_pointer,-5,enables,,dynamic memory allocation,-5,5,,
7000000,0,1,Computer Science_Programming Language_C_header file_stdlib.h_malloc(),-5,provides,,dynamic memory allocation,-5,5,,
7000000,0,1,Computer Science_Programming Language_C_header file_stdlib.h_malloc(),-5,is,,function,-5,5,,
7000000,0,1,Computer Science_Programming Language_C_header file_stdlib.h_malloc(),-5,returns,,pointer,-5,5,,
7000000,0,1,Computer Science_Programming Language_C_header file_stdlib.h_malloc()_pointer,-5,has,,data type,-5,5,,
7000000,0,1,Computer Science_Programming Language_C_header file_stdlib.h_malloc()_pointer_data type,-5,is,,void,-5,5,,
10000000,0,1,Computer Science_Programming Language_C,-5,has,,array,-5,5,,
70000000,0,1,Computer Science_Programming Language_C_Array,-5,has,,contiguous memory location,-5,5,,
10000000,0,1,Computer Science_Programming Language_C_Array,-5,can,store,multiple values,-5,5,,
700000,0,1,Computer Science_Programming Language_C_Array,-5,has,,fixed size,-5,5,,
700000,0,1,Computer Science_Programming Language_C_Array,-5,has,to be,pre declared,-5,5,,
700000,0,1,Computer Science_Programming Language_C_Array,-5,has,,data type,-5,5,,
1000000,0,1,Computer Science_Programming Language_C_Array_data type,-5,can,be,int,-5,5,,
1000000,0,1,Computer Science_Programming Language_C_Array_data type,-5,can,be,pointer,-5,5,,
1000000,0,1,Computer Science_Programming Language_C_Array_data type,-5,can,be,char,-5,5,,
1000000,0,1,Computer Science_Programming Language_C_Array_data type,-5,can,be,float,-5,5,,
1000000,0,1,Computer Science_Programming Language_C_Array_data type,-5,can,be,double,-5,5,,
700000,0,1,Computer Science_Programming Language_C_Array,-5,has,,zero based indexing,-5,5,,
10000000,0,1,Computer Science_Programming Language_C_Array,-5,supports,,operations,-5,5,,
700000,0,1,Computer Science_Programming Language_C_Array_operations,-5,includes,,indexing,-5,5,,
700000,0,1,Computer Science_Programming Language_C_Array,-5,has,,element,-5,5,,
700000,0,1,Computer Science_Programming Language_C_Array_element,-5,can,be,compared,-5,5,,
700000,0,1,Computer Science_Programming Language_C_Array_element,-5,can,be,assigned,-5,5,,
7000000,0,1,Computer Science_Programming Language_C_Array,-5,supports,,multidimensinonal array,-5,5,,
7000000,0,1,Computer Science_Programming Language_C_Array,-5,can,be passed as,function parameter,-5,5,,
7000000,0,1,Computer Science_Programming Language_C_Array_function parameter,-5,can,be passed,by value,-5,5,,
700000,0,0,Computer Science_Programming Language_C_Array,-5,does,support,dynamic array,-5,5,,
70000000,0,1,Computer Science_Programming Language_C_Array,-5,is,,random access,-5,5,,
70000000,0,1,Computer Science_Programming Language_C_Array_element,-5,should,be of,same type,-5,5,,
10000000,0,1,Computer Science_Programming Language_C_Array_operations,-5,includes,,declaration,-5,5,,
10000000,0,1,Computer Science_Programming Language_C_Array_operations,-5,includes,,initialisation,-5,5,,
10000000,0,1,Computer Science_Programming Language_C_Array_operations,-5,may,include,concatenation,-5,5,,
10000000,0,1,Computer Science_Programming Language_C_Array_operations,-5,may,include,sorting,-5,5,,
10000000,0,1,Computer Science_Programming Language_C_Array_operations,-5,may,include,traversal,-5,5,,
10000000,0,1,Computer Science_Programming Language_C_Array_operations,-5,may,include,copying,-5,5,,
70000000,0,1,Computer Science_Programming Language_C_Array,-5,is,,statically allocated,-5,5,,
1000000,0,1,Computer Science_Programming Language_C,-5,implements,,heap,-5,5,,
10000000,0,1,Computer Science_Programming Language_C_heap,-5,may,use,dynamic allocation,-5,5,,
7000000,0,1,Computer Science_Programming Language_C_heap_dynamic allocation,-5,uses,,malloc(),-5,5,,
7000000,0,1,Computer Science_Programming Language_C_heap_dynamic allocation,-5,uses,,free(),-5,5,,
,,,Computer Science_Programming Language_C,,can,implement,Data Structures,,,,
,,,Computer Science_Programming Language_C_Data Structures,,includes,,graph,,,,
,,,Computer Science_Programming Language_C_Data Structures,,includes,,tree,,,,
,,,Computer Science_Programming Language_C_Data Structures,,includes,,heap,,,,
700000,0,1,Computer Science_Programming Language_C_programming construct_for,-5,is,a,loop,-5,1000000,,
,,,Computer Science_Programming Language_C_programming construct_while,,is,a,loop,,,,
,,,Computer Science_Programming Language_C_programming construct_do-while,,is,a,loop,,,,
,,,Computer Science_Programming Language_C_programming construct_for,,has,,iterations,,,,
,,,Computer Science_Programming Language_C_programming construct_while,,has,,iterations,,,,
,,,Computer Science_Programming Language_C_programming construct_do-while,,has,,iterations,,,,
,,,Computer Science_Programming Language_C_programming construct_for,,has,,syntax,,,,
,,,Computer Science_Programming Language_C_programming construct_for_syntax,,includes,,parenthesis (),,,,
,,,Computer Science_Programming Language_C_programming construct_for,,includes,,initialisation,,,,
,,,Computer Science_Programming Language_C_programming construct_for,,includes,,update,,,,
,,,Computer Science_Programming Language_C_programming construct_for,,includes,,termination condition,,,,
,,,Computer Science_Programming Language_C_programming construct_for_syntax,,includes,,curly braces { },,,,
,,,Computer Science_Programming Language_C_programming construct_for,,can,be converted to other,loop,,,,
,,,Computer Science_Programming Language_C_programming construct_for,,may,be,infinite loop,,,,
,,,Computer Science_Programming Language_C_programming construct_for,,example,is,for(;;){...},,,,
,,,Computer Science_Programming Language_C_programming construct_for_termination condition,,is,,conditional statement,,,,
,,,Computer Science_Programming Language_C_programming construct_if-else,,is,,conditional statement,,,,
,,,Computer Science_Programming Language_C_programming construct,,includes,,else if,,,,
,,,Computer Science_Programming Language_C_programming construct_else if,,is,,conditional statement,,,,
,,,Computer Science_Programming Language_C_programming construct,,includes,,conditional statement,,,,
,,,Computer Science_Programming Language_C_programming construct_conditional statement,,has,,output,,,,
,,,Computer Science_Programming Language_C_programming construct_conditional statement_output,,may,be,TRUE,,,,
,,,Computer Science_Programming Language_C_programming construct_conditional statement_output,,may,be,FALSE,,,,
,,,Computer Science_Programming Language_C_programming construct_if-else,,may,be,nested,,,,
,,,Computer Science_Programming Language_C_programming construct_for,,may,be,nested,,,,
,,,Computer Science_Programming Language_C_programming construct_while,,may,be,nested,,,,
,,,Computer Science_Programming Language_C_programming construct_do-while,,may,be,nested,,,,
,,,Computer Science_Programming Language_C,,has,,variables,,,,
,,,Computer Science_Programming Language_C_variables,,have,,data type,,,,
,,,Computer Science_Programming Language_C_variables,,includes,,local variables,,,,
,,,Computer Science_Programming Language_C_variables,,includes,,global variables,,,,
,,,Computer Science_Programming Language_C_variables,,includes,,static variables,,,,
,,,Computer Science_Programming Language_C_variables,,includes,,automatic variables,,,,
,,,Computer Science_Programming Language_C_variables,,has,unique,declaration,,,,
,,,Computer Science_Programming Language_C_variables_data type,,includes,,int,,,,
,,,Computer Science_Programming Language_C_variables_data type,,includes,,float,,,,
,,,Computer Science_Programming Language_C_variables_data type,,includes,,char,,,,
,,,Computer Science_Programming Language_C_variables_data type,,includes,,double,,,,
,,,Computer Science_Programming Language_C_variables_data type,,includes,,pointer,,,,
,,,Computer Science_Programming Language_C_variables_data type,,includes,,structure,,,,
,,,Computer Science_Programming Language_C_data type_int,,has,,qualifier,,,,
,,,Computer Science_Programming Language_C_data type_int_qualifier,,includes,,long,,,,
,,,Computer Science_Programming Language_C_data type_int_qualifier,,includes,,short,,,,
,,,Computer Science_Programming Language_C_data type_int_qualifier,,includes,,unsigned,,,,
,,,Computer Science_Programming Language_C_data type_int_qualifier,,includes,,signed,,,,
,,,Computer Science_Programming Language_C_data type_char,,includes,,qualifier,,,,
,,,Computer Science_Programming Language_C_data type_char_qualifier,,includes,,signed,,,,
,,,Computer Science_Programming Language_C_data type_char_qualifier,,includes,,unsigned,,,,
,,,Computer Science_Programming Language_C_data type,,has,,limits,,,,
,,,Computer Science_Programming Language_C_data type_limits,,includes,,maximum,,,,
,,,Computer Science_Programming Language_C_data type_limits,,includes,,minimum,,,,
,,,Computer Science_Programming Language_C_data type_limits,,are,specified in,limits.h,,,,
,,,Computer Science_Programming Language_C_data type_limits,,are,specified in,float.h,,,,
,,,Computer Science_Programming Language_C_data type_limits,,are,,constants,,,,
,,,Computer Science_Programming Language_C_data type_limits_constants,,includes,,INT-MAX,,,,
,,,Computer Science_Programming Language_C_data type_limits_constants,,includes,,INT-MIN,,,,
,,,Computer Science_Programming Language_C_data type_limits_maximum,,includes,,INT-MAX,,,,
,,,Computer Science_Programming Language_C_data type_limits_minimum,,includes,,INT-MIN,,,,
,,,,,,,,,,,
,,,,,,,,,,,
,,,,,,,,,,,
,,,,,,,,,,,
,,,,,,,,,,,
,,,,,,,,,,,
,,,,,,,,,,,
,,,,,,,,,,,
,,,,,,,,,,,
,,,Computer Science_Programming Language_C_header file_stdio.h_printf(),,prints,formatted,output,,,,
,,,Computer Science_Programming Language_C_header file_stdio.h_printf(),,prints,arguments on,standard output,,,,
,,,Computer Science_Programming Language_C_header file_stdio.h_printf(),,has,,argument list,,,,
,,,Computer Science_Programming Language_C_header file_stdio.h_printf()_argument list,,has,,variable size,,,,
,,,Computer Science_Programming Language_C_header file_stdio.h_printf(),,is,,function,,,,
,,,Computer Science_Programming Language_C_header file_stdio.h_printf()_function,,is,,inbuilt,,,,
,,,Computer Science_Programming Language_C_header file_stdio.h_printf(),,is,defined in,stdio.h,,,,
,,,Computer Science_Programming Language_C_header file_stdio.h_printf()_argument list,,includes,,format string,,,,
,,,,,,,,,,,
,,,,,,,,,,,
,,,,,,,,,,,
,,,,,,,,,,,
,,,,,,,,,,,
,,,,,,,,,,,
,,,,,,,,,,,
,,,,,,,,,,,
,,,,,,,,,,,
,,,,,,,,,,,
,,,,,,,,,,,
,,,,,,,,,,,
,,,Computer Science_Programming Language_C,,is,,compiled,,,,
,,,Computer Science_Programming Language_C,,has,,compiler,,,,
,,,Computer Science_Programming Language_C_compiler,,includes,,gcc,,,,
,,,Computer Science_Programming Language_C_compiler_gcc,,compiles,,C code,,,,
,,,Computer Science_Programming Language_C_compiler_gcc,,is,widely,used,,,,
,,,Computer Science_Programming Language_C_compiler_gcc,,is,,efficient,,,,
,,,Computer Science_Programming Language_C_compiler_gcc,,can ,be used by,gcc command,,,,
,,,Computer Science_Programming Language_C_compiler_gcc,,is,,GNU Project C and C++ Compiler,,,,
,,,Computer Science_Programming Language_C_compiler_gcc,,produces,,object file,,,,
,,,Computer Science_Programming Language_C_compiler_gcc_gcc command,,has,,options,,,,
,,,Computer Science_Programming Language_C_compiler_gcc_gcc command_options,,includes,,-Wall,,,,
,,,Computer Science_Programming Language_C_compiler_gcc_gcc command_options,,includes,,-o,,,,
,,,Computer Science_Programming Language_C_compiler_gcc_gcc command_options,,includes,,-c,,,,
,,,Computer Science_Programming Language_C_compiler_gcc_gcc command_options,,includes,,-S,,,,
,,,Computer Science_Programming Language_C_compiler_gcc_gcc command_options,,includes,,-E,,,,
,,,,,,,,,,,
,,,,,,,,,,,
,,,,,,,,,,,
,,,,,,,,,,,
,,,,,,,,,,,
,,,,,,,,,,,
,,,,,,,,,,,
,,,,,,,,,,,
,,,,,,,,,,,
,,,,,,,,,,,
,,,,,,,,,,,
,,,,,,,,,,,
,,,,,,,,,,,
,,,,,,,,,,,
,,,,,,,,,,,
,,,,,,,,,,,
,,,,,,,,,,,
,,,,,,,,,,,
,,,,,,,,,,,
,,,,,,,,,,,
,,,,,,,,,,,
,,,,,,,,,,,
,,,,,,,,,,,
,,,,,,,,,,,
,,,,,,,,,,,
,,,,,,,,,,,
,,,,,,,,,,,
,,,,,,,,,,,
,,,,,,,,,,,
,,,,,,,,,,,
,,,,,,,,,,,
,,,,,,,,,,,
,,,,,,,,,,,
,,,,,,,,,,,
,,,,,,,,,,,
,,,,,,,,,,,
,,,,,,,,,,,
,,,,,,,,,,,
,,,,,,,,,,,
,,,,,,,,,,,
,,,,,,,,,,,
,,,,,,,,,,,
,,,,,,,,,,,
,,,,,,,,,,,
,,,,,,,,,,,
,,,,,,,,,,,
,,,,,,,,,,,
,,,,,,,,,,,
,,,,,,,,,,,
,,,,,,,,,,,
,,,,,,,,,,,
,,,,,,,,,,,
,,,,,,,,,,,
,,,,,,,,,,,
,,,,,,,,,,,
,,,,,,,,,,,
,,,,,,,,,,,
,,,,,,,,,,,
,,,,,,,,,,,
,,,,,,,,,,,
,,,,,,,,,,,
,,,,,,,,,,,
,,,,,,,,,,,
,,,,,,,,,,,
,,,,,,,,,,,
,,,,,,,,,,,
,,,,,,,,,,,
,,,,,,,,,,,
,,,,,,,,,,,
,,,,,,,,,,,
,,,,,,,,,,,
,,,,,,,,,,,
,,,,,,,,,,,
,,,,,,,,,,,
,,,,,,,,,,,
,,,,,,,,,,,
,,,,,,,,,,,
,,,,,,,,,,,
,,,,,,,,,,,
,,,,,,,,,,,
,,,,,,,,,,,
,,,,,,,,,,,
,,,,,,,,,,,
,,,,,,,,,,,
,,,,,,,,,,,
,,,,,,,,,,,
,,,,,,,,,,,
,,,,,,,,,,,
,,,,,,,,,,,
,,,,,,,,,,,
,,,,,,,,,,,
,,,,,,,,,,,
,,,,,,,,,,,
,,,,,,,,,,,
,,,,,,,,,,,
,,,,,,,,,,,
,,,,,,,,,,,
,,,,,,,,,,,
,,,,,,,,,,,
,,,,,,,,,,,
,,,,,,,,,,,
,,,,,,,,,,,
,,,,,,,,,,,
,,,,,,,,,,,
,,,,,,,,,,,
,,,,,,,,,,,
,,,,,,,,,,,
,,,,,,,,,,,
,,,,,,,,,,,
,,,,,,,,,,,
,,,,,,,,,,,
,,,,,,,,,,,
,,,,,,,,,,,
,,,,,,,,,,,
,,,,,,,,,,,
,,,,,,,,,,,
,,,,,,,,,,,
,,,,,,,,,,,
,,,,,,,,,,,
,,,,,,,,,,,
,,,,,,,,,,,
,,,,,,,,,,,
,,,,,,,,,,,
,,,,,,,,,,,
,,,,,,,,,,,
,,,,,,,,,,,
,,,,,,,,,,,
,,,,,,,,,,,
,,,,,,,,,,,
,,,,,,,,,,,
,,,,,,,,,,,
,,,,,,,,,,,
,,,,,,,,,,,
,,,,,,,,,,,
,,,,,,,,,,,
,,,,,,,,,,,
,,,,,,,,,,,
,,,,,,,,,,,
,,,,,,,,,,,
,,,,,,,,,,,
,,,,,,,,,,,
,,,,,,,,,,,
,,,,,,,,,,,
,,,,,,,,,,,
,,,,,,,,,,,
,,,,,,,,,,,
,,,,,,,,,,,
,,,,,,,,,,,
,,,,,,,,,,,
,,,,,,,,,,,
,,,,,,,,,,,
,,,,,,,,,,,
,,,,,,,,,,,
,,,,,,,,,,,
,,,,,,,,,,,
,,,,,,,,,,,
,,,,,,,,,,,
,,,,,,,,,,,
,,,,,,,,,,,
,,,,,,,,,,,
,,,,,,,,,,,
,,,,,,,,,,,
,,,,,,,,,,,
,,,,,,,,,,,
,,,,,,,,,,,
,,,,,,,,,,,
,,,,,,,,,,,
,,,,,,,,,,,
,,,,,,,,,,,
,,,,,,,,,,,
,,,,,,,,,,,
,,,,,,,,,,,
,,,,,,,,,,,
,,,,,,,,,,,
,,,,,,,,,,,
,,,,,,,,,,,
,,,,,,,,,,,
,,,,,,,,,,,
,,,,,,,,,,,
,,,,,,,,,,,
,,,,,,,,,,,
,,,,,,,,,,,
,,,,,,,,,,,
,,,,,,,,,,,
,,,,,,,,,,,
,,,,,,,,,,,
,,,,,,,,,,,
,,,,,,,,,,,
,,,,,,,,,,,
,,,,,,,,,,,
,,,,,,,,,,,
,,,,,,,,,,,
,,,,,,,,,,,
,,,,,,,,,,,
,,,,,,,,,,,
,,,,,,,,,,,
,,,,,,,,,,,
,,,,,,,,,,,
,,,,,,,,,,,
,,,,,,,,,,,
,,,,,,,,,,,
,,,,,,,,,,,
,,,,,,,,,,,
,,,,,,,,,,,
,,,,,,,,,,,
,,,,,,,,,,,
,,,,,,,,,,,
,,,,,,,,,,,
,,,,,,,,,,,
,,,,,,,,,,,
,,,,,,,,,,,
,,,,,,,,,,,
,,,,,,,,,,,
,,,,,,,,,,,
,,,,,,,,,,,
,,,,,,,,,,,
,,,,,,,,,,,
,,,,,,,,,,,
,,,,,,,,,,,
,,,,,,,,,,,
,,,,,,,,,,,
,,,,,,,,,,,
,,,,,,,,,,,
,,,,,,,,,,,
,,,,,,,,,,,
,,,,,,,,,,,
,,,,,,,,,,,
,,,,,,,,,,,
,,,,,,,,,,,
,,,,,,,,,,,
,,,,,,,,,,,
,,,,,,,,,,,
,,,,,,,,,,,
,,,,,,,,,,,
,,,,,,,,,,,
,,,,,,,,,,,
,,,,,,,,,,,
,,,,,,,,,,,
,,,,,,,,,,,
,,,,,,,,,,,
,,,,,,,,,,,
,,,,,,,,,,,
,,,,,,,,,,,
,,,,,,,,,,,
,,,,,,,,,,,
,,,,,,,,,,,
,,,,,,,,,,,
,,,,,,,,,,,
,,,,,,,,,,,
,,,,,,,,,,,
,,,,,,,,,,,
,,,,,,,,,,,
,,,,,,,,,,,
,,,,,,,,,,,
,,,,,,,,,,,
,,,,,,,,,,,
,,,,,,,,,,,
,,,,,,,,,,,
,,,,,,,,,,,
,,,,,,,,,,,
,,,,,,,,,,,
,,,,,,,,,,,
,,,,,,,,,,,
,,,,,,,,,,,
,,,,,,,,,,,
,,,,,,,,,,,
,,,,,,,,,,,
,,,,,,,,,,,
,,,,,,,,,,,
,,,,,,,,,,,
,,,,,,,,,,,
,,,,,,,,,,,
,,,,,,,,,,,
,,,,,,,,,,,
,,,,,,,,,,,
,,,,,,,,,,,
,,,,,,,,,,,
,,,,,,,,,,,
,,,,,,,,,,,
,,,,,,,,,,,
,,,,,,,,,,,
,,,,,,,,,,,
,,,,,,,,,,,
,,,,,,,,,,,
,,,,,,,,,,,
,,,,,,,,,,,
,,,,,,,,,,,
,,,,,,,,,,,
,,,,,,,,,,,
,,,,,,,,,,,
,,,,,,,,,,,
,,,,,,,,,,,
,,,,,,,,,,,
,,,,,,,,,,,
,,,,,,,,,,,
,,,,,,,,,,,
,,,,,,,,,,,
,,,,,,,,,,,
,,,,,,,,,,,
,,,,,,,,,,,
,,,,,,,,,,,
,,,,,,,,,,,
,,,,,,,,,,,
,,,,,,,,,,,
,,,,,,,,,,,
,,,,,,,,,,,
,,,,,,,,,,,
,,,,,,,,,,,
,,,,,,,,,,,
,,,,,,,,,,,
,,,,,,,,,,,
,,,,,,,,,,,
,,,,,,,,,,,
,,,,,,,,,,,
,,,,,,,,,,,
,,,,,,,,,,,
,,,,,,,,,,,
,,,,,,,,,,,
,,,,,,,,,,,
,,,,,,,,,,,
,,,,,,,,,,,
,,,,,,,,,,,
,,,,,,,,,,,
,,,,,,,,,,,
,,,,,,,,,,,
,,,,,,,,,,,
,,,,,,,,,,,
,,,,,,,,,,,
,,,,,,,,,,,
,,,,,,,,,,,
,,,,,,,,,,,
,,,,,,,,,,,
,,,,,,,,,,,
,,,,,,,,,,,
,,,,,,,,,,,
,,,,,,,,,,,
,,,,,,,,,,,
,,,,,,,,,,,
,,,,,,,,,,,
,,,,,,,,,,,
,,,,,,,,,,,
,,,,,,,,,,,
,,,,,,,,,,,
,,,,,,,,,,,
,,,,,,,,,,,
,,,,,,,,,,,
,,,,,,,,,,,
,,,,,,,,,,,
,,,,,,,,,,,
,,,,,,,,,,,
,,,,,,,,,,,
,,,,,,,,,,,
,,,,,,,,,,,
,,,,,,,,,,,
,,,,,,,,,,,
,,,,,,,,,,,
,,,,,,,,,,,
,,,,,,,,,,,
,,,,,,,,,,,
,,,,,,,,,,,
,,,,,,,,,,,
,,,,,,,,,,,
,,,,,,,,,,,
,,,,,,,,,,,
,,,,,,,,,,,
,,,,,,,,,,,
,,,,,,,,,,,
,,,,,,,,,,,
,,,,,,,,,,,
,,,,,,,,,,,
,,,,,,,,,,,
,,,,,,,,,,,
,,,,,,,,,,,
,,,,,,,,,,,
,,,,,,,,,,,
,,,,,,,,,,,
,,,,,,,,,,,
,,,,,,,,,,,
,,,,,,,,,,,
,,,,,,,,,,,
,,,,,,,,,,,
,,,,,,,,,,,
,,,,,,,,,,,
,,,,,,,,,,,
,,,,,,,,,,,
,,,,,,,,,,,
,,,,,,,,,,,
,,,,,,,,,,,
,,,,,,,,,,,
,,,,,,,,,,,
,,,,,,,,,,,
,,,,,,,,,,,
,,,,,,,,,,,
,,,,,,,,,,,
,,,,,,,,,,,
,,,,,,,,,,,
,,,,,,,,,,,
,,,,,,,,,,,
,,,,,,,,,,,
,,,,,,,,,,,
,,,,,,,,,,,
,,,,,,,,,,,
,,,,,,,,,,,
,,,,,,,,,,,
,,,,,,,,,,,
,,,,,,,,,,,
,,,,,,,,,,,
,,,,,,,,,,,
,,,,,,,,,,,
,,,,,,,,,,,
,,,,,,,,,,,
,,,,,,,,,,,
,,,,,,,,,,,
,,,,,,,,,,,
,,,,,,,,,,,
,,,,,,,,,,,
,,,,,,,,,,,
,,,,,,,,,,,
,,,,,,,,,,,
,,,,,,,,,,,
,,,,,,,,,,,
,,,,,,,,,,,
,,,,,,,,,,,
,,,,,,,,,,,
,,,,,,,,,,,
,,,,,,,,,,,
,,,,,,,,,,,
,,,,,,,,,,,
,,,,,,,,,,,
,,,,,,,,,,,
,,,,,,,,,,,
,,,,,,,,,,,
,,,,,,,,,,,
,,,,,,,,,,,
,,,,,,,,,,,
,,,,,,,,,,,
,,,,,,,,,,,
,,,,,,,,,,,
,,,,,,,,,,,
,,,,,,,,,,,
,,,,,,,,,,,
,,,,,,,,,,,
,,,,,,,,,,,
,,,,,,,,,,,
,,,,,,,,,,,
,,,,,,,,,,,
,,,,,,,,,,,
,,,,,,,,,,,
,,,,,,,,,,,
,,,,,,,,,,,
,,,,,,,,,,,
,,,,,,,,,,,
,,,,,,,,,,,
,,,,,,,,,,,
,,,,,,,,,,,
,,,,,,,,,,,
,,,,,,,,,,,
,,,,,,,,,,,
,,,,,,,,,,,
,,,,,,,,,,,
,,,,,,,,,,,
,,,,,,,,,,,
,,,,,,,,,,,
,,,,,,,,,,,
,,,,,,,,,,,
,,,,,,,,,,,
,,,,,,,,,,,
,,,,,,,,,,,
,,,,,,,,,,,
,,,,,,,,,,,
,,,,,,,,,,,
,,,,,,,,,,,
700000000,0,1,Computer Science_Data Structures,-5,includes,,ADT,-5,5,ADT defines set of values and operations that can be performed on those values,
700000000,0,1,Computer Science_Data Structures_ADT,-5,is,,Abstract Data Type,-5,5,,
700000000,0,1,Computer Science_Data Structures_ADT,-5,has,various,characteristics,-5,5,,
700000000,0,1,Computer Science_Data Structures_ADT_characteristics,-5,includes,,encapsulation,-5,5,,
700000000,0,1,Computer Science_Data Structures_ADT_characteristics,-5,includes,,abstraction,-5,5,,
70000000,0,1,Computer Science_Data Structures_ADT_characteristics,-5,includes,,modularity,-5,5,,
70000000,0,1,Computer Science_Data Structures_ADT_characteristics,-5,includes,,information hiding,-5,5,,
700000,0,1,Computer Science_Data Structures_ADT,-5,includes,,stack,-5,5,,
700000,0,1,Computer Science_Data Structures_ADT,-5,includes,,queue,-5,5,,
700000,0,1,Computer Science_Data Structures_ADT,-5,includes,,linked list,-5,5,,
700000,0,1,Computer Science_Data Structures_ADT,-5,includes,,tree,-5,5,,
700000,0,1,Computer Science_Data Structures_ADT,-5,includes,,graph,-5,5,,
70000000,0,1,Computer Science_Data Structures_ADT,-5,can,be implemented in,Programming Language,-5,5,,
1000000,0,1,Computer Science_Data Structures_ADT,-5,can,be implemented in,C,-5,5,,
1000000,0,1,Computer Science_Data Structures_ADT,-5,can,be implemented in,C++,-5,5,,
1000000,0,1,Computer Science_Data Structures_ADT,-5,can,be implemented in,Python,-5,5,,
1000000,0,1,Computer Science_Data Structures_ADT,-5,can,be implemented in,Java,-5,5,,
70000000,0,1,Computer Science_Data Structures_ADT,-5,has,immense,advantages,-5,5,,
70000000,0,1,Computer Science_Data Structures_ADT_advantages,-5,includes,,modularity,-5,5,,
70000000,0,1,Computer Science_Data Structures_ADT_advantages,-5,includes,,reusability,-5,5,,
70000000,0,1,Computer Science_Data Structures_ADT_advantages,-5,includes,,data integrity,-5,5,,
70000000,0,1,Computer Science_Data Structures_ADT_advantages,-5,includes,,flexibility,-5,5,,
7000000,0,1,Computer Science_Data Structures_ADT,-5,is,essential for building,robust software system,-5,5,,
7000000,0,1,Computer Science_Data Structures_ADT,-5,is,essential for building,scalable software system,-5,5,,
700000,0,1,Computer Science_Data Structures_ADT,-5,promotes,,code organisation,-5,5,,
700000,0,1,Computer Science_Data Structures_ADT,-5,promotes,,code maintainance,-5,5,,
700000,0,1,Computer Science_Data Structures_ADT,-5,is,used in,various domains,-5,5,,
10000000,0,1,Computer Science_Data Structures_ADT,-5,is,heavily used in,creating me !! :),-5,5,,
1000000,0,1,Computer Science_Algorithm,-5,includes,,dynamic programming,-5,5,,
10000000,0,1,Computer Science_Algorithm_dynamic programming,-5,is,used for,problem solving,-5,5,,
700000,0,1,Computer Science_Algorithm_dynamic programming,-5,has,2,key principles,-5,5,,
700000,0,1,Computer Science_Algorithm_dynamic programming_principles,-5,includes,,optimal substructure,-5,5,,
700000,0,1,Computer Science_Algorithm_dynamic programming_principles,-5,includes,,overlapping subproblems,-5,5,,
700000,0,1,Computer Science_Algorithm_dynamic programming,-5,has,2,main techniques,-5,5,,
700000,0,1,Computer Science_Algorithm_dynamic programming_main techniques,-5,includes,,memorisation,-5,5,,
700000,0,1,Computer Science_Algorithm_dynamic programming_main techniques,-5,includes,,tabulation,-5,5,,
7000000,0,1,Computer Science_Algorithm_dynamic programming_main techniques_memorisation,-5,is,also called as,top down approach,-5,5,,
7000000,0,1,Computer Science_Algorithm_dynamic programming_main techniques_memorisation,-5,uses,,recursion,-5,5,,
7000000,0,1,Computer Science_Algorithm_dynamic programming_main techniques_tabulation,-5,is,also called as,bottom up approach,-5,5,,
7000000,0,1,Computer Science_Algorithm_dynamic programming_main techniques_tabulation,-5,uses,,iteration,-5,5,,
1000000,0,1,Computer Science_Algorithm_dynamic programming,-5,has,immense,applications,-5,5,,
7000000,0,1,Computer Science_Algorithm_dynamic programming_applications,-5,includes,,optimisation problems,-5,5,,
7000000,0,1,Computer Science_Algorithm_dynamic programming_applications,-5,includes,,path finding problems,-5,5,,
7000000,0,1,Computer Science_Algorithm_dynamic programming_applications,-5,includes,,combinatorial problems,-5,5,,
100000,0,1,Computer Science_Algorithm_dynamic programming,-5,has,various,advantages,-5,5,,
7000000,0,1,Computer Science_Algorithm_dynamic programming_advantages,-5,includes,,efficiency,-5,5,,
7000000,0,1,Computer Science_Algorithm_dynamic programming_advantages,-5,includes,,optimality,-5,5,,
7000000,0,1,Computer Science_Algorithm_dynamic programming_advantages,-5,includes,,simplicity,-5,5,,
7000000,0,1,Computer Science_Algorithm_dynamic programming_advantages,-5,includes,,versatility,-5,5,,
1000000,0,1,Computer Science_Programming Language_PHP,-5,was,called as,Personal Home Page,-5,5,,
10000000,0,1,Computer Science_Programming Language_PHP,-5,is,called as,Hypertext Preprocessor,-5,5,,
1000000,0,1,Computer Science_Programming Language_PHP,-5,is,widely,used,-5,5,,
1000000,0,1,Computer Science_Programming Language_PHP,-5,is,open source,scripting language,-5,5,,
1000000,0,1,Computer Science_Programming Language_PHP,-5,used,in,web development,-5,5,,
700000,0,1,Computer Science_Programming Language_PHP,-5,was,developed by,Rasmus Lerdorf,102,5,,
700000,0,1,Computer Science_Programming Language_PHP,-5,was ,developed in,1994,-5,5,,
1000000,0,1,Computer Science_Programming Language_PHP,-5,is,used in,server side scripting,-5,5,,
1000000,0,1,Computer Science_Programming Language_PHP,-5,has,easy,syntax,-5,5,,
1000000,0,1,Computer Science_Programming Language_PHP,-5,is,also used in,wordpress,-5,5,,
7000000,0,1,Computer Science_Programming Language_JavaScript,-5,is,also called as,JS,-5,5,,
10000000,0,1,Computer Science_Programming Language_JavaScript,-5,is,used in,web development,-5,5,,
700000,0,1,Computer Science_Programming Language_JavaScript,-5,was,developed by,Bredan Eich,103,5,,
700000,0,1,Computer Science_Programming Language_JavaScript,-5,was,developed in,1995,-5,5,,
700000,0,1,Computer Science_Programming Language_JavaScript,-5,was,initially created to,add interactivity,-5,5,,
10000000,0,1,Computer Science_Programming Language_JavaScript,-5,used,for,client side development,-5,5,,
10000000,0,1,Computer Science_Programming Language_JavaScript,-5,used,for,server side development,-5,5,,
10000000,0,1,Computer Science_Programming Language_JavaScript,-5,used ,for building,desktop application,-5,5,,
10000000,0,1,Computer Science_Programming Language_JavaScript,-5,used ,for building,mobile application,-5,5,,
700000,0,1,Computer Science_Programming Language_JavaScript,-5,is,,high level language,-5,5,,
700000,0,1,Computer Science_Programming Language_JavaScript,-5,is,,event driven,-5,5,,
10000000,0,1,Computer Science_Programming Language_JavaScript,-5,is,,asynchronous,-5,5,,
10000000,0,1,Computer Science_Programming Language_JavaScript,-5,has,,cross platform compatibility,-5,5,,
700000,0,1,Computer Science_Programming Language_JavaScript_event driven,-5,makes,it respond to,user actions,-5,5,,
700000,0,1,Computer Science_Data Structures,-5,includes,,Graph,-5,5,,
70000000,0,1, ,-5,is,,non linear data structure,-5,5,,
7000000,0,1,Computer Science_Data Structures_Graph,-5,consists,of,vertices,-5,5,,
7000000,0,1,Computer Science_Data Structures_Graph,-5,consists,of,edges,-5,5,,
7000000,0,1,Computer Science_Data Structures_Graph_vertices,-5,are,,nodes,-5,5,,
7000000,0,1,Computer Science_Data Structures_Graph_edges,-5,connect,,vertices,-5,5,,
1000000,0,1,Computer Science_Data Structures_Graph,-5,has,many,types,-5,5,,
10000000,0,1,Computer Science_Data Structures_Graph_types,-5,includes,,directed graph,-5,5,,
10000000,0,1,Computer Science_Data Structures_Graph_types,-5,includes,,undirected graph,-5,5,,
10000000,0,1,Computer Science_Data Structures_Graph_types,-5,includes,,weighted graph,-5,5,,
10000000,0,1,Computer Science_Data Structures_Graph_types,-5,includes,,cyclic graph,-5,5,,
1000000,0,1,Computer Science_Data Structures_Graph_types,-5,includes,,acyclic graph,-5,5,,
7000000,0,1,Computer Science_Data Structures_Graph,-5,has,,representation,-5,5,,
70000000,0,1,Computer Science_Data Structures_Graph_representation,-5,includes,,adjacency matrix,-5,5,,
70000000,0,1,Computer Science_Data Structures_Graph_representation,-5,includes,,adjacency list,-5,5,,
70000000,0,1,Computer Science_Data Structures_Graph_representation_adjacency matrix,-5,may,be implemented by,2D array,-5,5,,
70000000,0,1,Computer Science_Data Structures_Graph_representation_adjacency list,-5,is,collection of,linked list,-5,5,,
70000000,0,1,Computer Science_Data Structures_Graph,-5,has,,traversal,-5,5,,
10000000,0,1,Computer Science_Data Structures_Graph_traversal,-5,includes,,DFS,-5,5,,
70000000,0,1,Computer Science_Data Structures_Graph_traversal_DFS,-5,is,,Depth First Search,-5,5,,
10000000,0,1,Computer Science_Data Structures_Graph_traversal,-5,includes,,BFS,-5,5,,
70000000,0,1,Computer Science_Data Structures_Graph_traversal_BFS,-5,is,,Breadth First Search,-5,5,,
70000000,0,1,Computer Science_Data Structures_Graph_traversal_DFS,-5,uses,,stack,-5,5,,
70000000,0,1,Computer Science_Data Structures_Graph_traversal_BFS,-5,uses,,queue,-5,5,,
70000000,0,1,Computer Science_Data Structures_Graph,-5,has,,operations,-5,5,,
700000,0,1,Computer Science_Data Structures_Graph_operations,-5,includes,,add vertex,-5,5,,
700000,0,1,Computer Science_Data Structures_Graph_operations,-5,includes,,add edge,-5,5,,
700000,0,1,Computer Science_Data Structures_Graph_operations,-5,includes,,remove vertex,-5,5,,
700000,0,1,Computer Science_Data Structures_Graph_operations,-5,includes,,remove edge,-5,5,,
7000000,0,1,Computer Science_Data Structures_Graph_operations,-5,includes,,check connectivity,-5,5,,
700000,0,1,Computer Science_Data Structures_Graph_operations,-5,includes,,check cycle,-5,5,,
7000000,0,1,Computer Science_Data Structures_Graph_operations,-5,includes,,find shortest path,-5,5,,
7000000,0,1,Computer Science_Data Structures_Graph,-5,has,,applications,-5,5,,
7000000,0,1,Computer Science_Data Structures_Graph_applications,-5,includes,,routing algorithm,-5,5,,
70000000,0,1,Computer Science_Data Structures_Graph_applications_routing algorithm,-5,is,,algorithm,-5,5,,
700000,0,1,Computer Science_Data Structures_Graph_applications,-5,includes,,social network analysis,-5,5,,
7000000,0,1,Computer Science_Data Structures_Graph_applications,-5,includes,,GPS navigation system,-5,5,,
700000,0,1,Computer Science_Data Structures_Graph_applications,-5,includes,,compiler design,-5,5,,
7000000,0,1,Computer Science_Data Structures_Graph_applications_routing algorithm,-5,is,used in,Computer Network,-5,5,,
7000000,0,1,Computer Science_Data Structures_Graph_traversal_DFS,-5,has,,applications,-5,5,,
70000000,0,1,Computer Science_Data Structures_Graph_traversal_DFS_applications,-5,includes,,topological sort,-5,5,,
70000000,0,1,Computer Science_Data Structures_Graph_traversal_DFS_applications,-5,includes,solving,maze problem,-5,5,,
7000000,0,1,Computer Science_Data Structures_Graph_traversal_BFS,-5,has,,applications,-5,5,,
70000000,0,1,Computer Science_Data Structures_Graph_traversal_BFS_applications,-5,includes,,network broadcasting,-5,5,,
700000000,0,1,Computer Science_Data Structures_Graph,-5,has,,algorithm,-5,5,,
700000000,0,1,Computer Science_Data Structures_Graph_algorithm,-5,includes,,Djikstras algorithm,-5,5,,
700000000,0,1,Computer Science_Data Structures_Graph_algorithm_Djikstras algorithm,-5,has,,applications,-5,5,,
70000000,0,1,Computer Science_Data Structures_Graph_algorithm_Djikstras algorithm_applications,-5,includes,,road network analysis,-5,5,,
70000000,0,1,Computer Science_Data Structures_Graph_algorithm,-5,includes,,Bellman Ford algorithm,-5,5,,
70000000,0,1,Computer Science_Data Structures_Graph_algorithm,-5,includes,,Minimum Spanning Tree,-5,5,,
70000000,0,1,Computer Science_Data Structures_Graph_algorithm,-5,includes,,Graph colouring,-5,5,,
700000,0,1,Computer Science_Data Structures,-5,includes,,Heap,-5,5,,
700000000,0,1,Computer Science_Data Structures_Heap,-5,is,specialized,tree data structure,-5,5,,
7000000,0,1,Computer Science_Data Structures_Heap,-5,includes,,max heap,-5,5,,
7000000,0,1,Computer Science_Data Structures_Heap,-5,includes,,min heap,-5,5,,
70000000,0,1,Computer Science_Data Structures_Heap,-5,has,,node,-5,5,,
70000000,0,1,Computer Science_Data Structures_Heap_node,-5,has,,parent,-5,5,,
700000,0,1,Computer Science_Data Structures_Heap,-5,includes,,binary heap,-5,5,,
700000,0,1,Computer Science_Data Structures_Heap,-5,includes,,binomial heap,-5,5,,
700000,0,1,Computer Science_Data Structures_Heap,-5,includes,,fibonacci heap,-5,5,,
7000000,0,1,Computer Science_Data Structures_Heap,-5,supports,,operations,-5,5,,
7000000,0,1,Computer Science_Data Structures_Heap_operations,-5,includes,,insertion,-5,5,,
7000000,0,1,Computer Science_Data Structures_Heap_operations,-5,includes,,deletion,-5,5,,
7000000,0,1,Computer Science_Data Structures_Heap_operations,-5,includes,,heapify,-5,5,,
10000000,0,1,Computer Science_Data Structures_Heap_operations,-5,includes,,exact - max,-5,5,,
10000000,0,1,Computer Science_Data Structures_Heap_operations,-5,includes,,exact - min,-5,5,,
700000,0,1,Computer Science_Data Structures_Heap_operations_heapify,-5,includes,,heapify - up,-5,5,,
700000,0,1,Computer Science_Data Structures_Heap_operations_heapify,-5,includes,,heapify - down,-5,5,,
7000000,0,1,Computer Science_Data Structures_Heap_operations_heapify,-5,includes,,heap sort,-5,5,,
7000000,0,1,Computer Science_Data Structures_Heap,-5,has,,applications,-5,5,,
7000000,0,1,Computer Science_Data Structures_Heap_applications,-5,includes,,Djikstra's algorithm,-5,5,,
7000000,0,1,Computer Science_Data Structures_Heap_applications,-5,includes,,Prim's algorithm,-5,5,,
7000000,0,1,Computer Science_Data Structures_Heap_applications,-5,includes,,Kruskal's algorithm,-5,5,,
7000000,0,1,Computer Science_Data Structures_Heap_applications,-5,includes,,Huffman Coding,-5,5,,
7000000,0,1,Computer Science_Data Structures_Heap_applications,-5,includes,,Job Scheduling,-5,5,,
7000000,0,1,Computer Science_Data Structures_Heap_applications,-5,incudes,,Task Prioritisation,-5,5,,
7000000,0,1,Computer Science_Data Structures_Heap_applications,-5,incudes,,Event driven simulation,-5,5,,
7000000,0,1,Computer Science_Data Structures_Heap_operations_heap sort,-5,has,,applications,-5,5,,
7000000,0,1,Computer Science_Data Structures_Heap_operations_heap sort_applications,-5,includes,,Operating system,-5,5,,
7000000,0,1,Computer Science_Data Structures_Heap_operations_heap sort_applications,-5,includes,,Database system,-5,5,,
7000000,0,1,Computer Science_Data Structures_Heap_operations_heap sort_applications,-5,includes,,embedded system,-5,5,,
70000000,0,1,Computer Science_Data Structures_Heap,-5,may,introduce,error,-5,5,,
70000000,0,1,Computer Science_Data Structures_Heap_error,-5,includes,,heap overflow,-5,5,,
70000000,0,1,Computer Science_Data Structures_Heap_error,-5,includes,,heap underflow,-5,5,,
700000,0,1,Computer Science_Data Structures,-5,includes,,hashmap,-5,5,,
70000000,0,1,Computer Science_Data Structures_hashmap,-5,is,aslo called as,hash table,-5,5,,
700000000,0,1,Computer Science_Data Structures_hashmap,-5,stores,,key value pairs,-5,5,,
70000000,0,1,Computer Science_Data Structures_hashmap,-5,provides,efficient,insertion,-5,5,,
70000000,0,1,Computer Science_Data Structures_hashmap,-5,provides,efficient,deletion,-5,5,,
70000000,0,1,Computer Science_Data Structures_hashmap,-5,provides,efficient,lookup operation,-5,5,,
70000000,0,1,Computer Science_Data Structures_hashmap,-5,has,,key,-5,5,,
700000000,0,1,Computer Science_Data Structures_hashmap,-5,has,,hashing function,-5,5,,
700000000,0,1,Computer Science_Data Structures_hashmap_key,-5,is,,input,-5,5,,
700000000,0,1,Computer Science_Data Structures_hashmap_key_input,-5,produces,,hashcode,-5,5,,
1000000,0,1,Computer Science_Data Structures_hashmap_key_input_hashcode,-5,is,an,integer value,-5,5,,
1000000,0,1,Computer Science_Programming Language_C,-5,implements,,hashmap,-5,5,,
700000000,0,1,Computer Science_Programming Language_C_hashmap,-5,may,be implemented by,array,-5,5,,
700000000,0,1,Computer Science_Programming Language_C_hashmap,-5,may,be implemented by,linked list,-5,5,,
700000000,0,1,Computer Science_Data Structures_hashmap,-5,supports,,operations,-5,5,,
700000000,0,1,Computer Science_Data Structures_hashmap_operations,-5,includes,,insertion,-5,5,,
700000000,0,1,Computer Science_Data Structures_hashmap_operations,-5,includes,,deletion,-5,5,,
700000000,0,1,Computer Science_Data Structures_hashmap_operations,-5,includes,,lookup operation,-5,5,,
1000000,0,1,Computer Science_Data Structures_hashmap_operations_insertion,-5,has,,time complexity,-5,5,,
1000000,0,1,Computer Science_Data Structures_hashmap_operations_deletion,-5,has,,time complexity,-5,5,,
1000000,0,1,Computer Science_Data Structures_hashmap_operations_lookup operation,-5,has,,time complexity,-5,5,,
1000000,0,1,Computer Science_Data Structures_hashmap_operations_insertion_time complexity,-5,is,,O(1),-5,5,,
1000000,0,1,Computer Science_Data Structures_hashmap_operations_deletion_time complexity,-5,is,,O(1),-5,5,,
1000000,0,1,Computer Science_Data Structures_hashmap_operations_lookup operation_time complexity,-5,is,,O(1),-5,5,,
70000000,0,1,Computer Science_Data Structures_hashmap,-5,has,,applications,-5,5,,
1000000,0,1,Computer Science_Data Structures_hashmap_applications,-5,includes,,indexing database,-5,5,,
1000000,0,1,Computer Science_Data Structures_hashmap_applications,-5,includes,,searching database,-5,5,,
700000000,0,1,Computer Science_Data Structures_hashmap_applications,-5,implements,,associative arrays,-5,5,,
1000000,0,1,Computer Science_Data Structures_hashmap_applications,-5,implements,,dictionary,-5,5,,
700000000,0,1,Computer Science_Data Structures_hashmap_applications,-5,includes,,latching mechanism,-5,5,,
700000000,0,1,Computer Science_Data Structures_hashmap_applications,-5,includes,,symbol table,-5,5,,
1000000,0,1,Computer Science_Data Structures_hashmap_applications_symbol table,-5,is,in,compilers,-5,5,,
1000000,0,1,Computer Science_Data Structures_hashmap_applications_symbol table,-5,is,in,interpreters,-5,5,,
700000,0,1,Computer Science_Programming Language_python,-5,is,,interpreted language,-5,1000000,,
700000,0,1,Computer Science_Programming Language_python,-5,is,,high level language,-5,1000000,,
700000,0,1,Computer Science_Programming Language_python,-5,was,developed by,Guido Von Rossum,100,1000000,,
700000,0,1,Computer Science_Programming Language_python,-5,was,created in,1991,-5,1000000,,
10000000,0,1,Computer Science_Programming Language_python,-5,has,,syntax,-5,10000000,,
100000,0,1,Computer Science_Programming Language_python_syntax,-5,emphasises,,code readability,-5,10000000,,
100000,0,1,Computer Science_Programming Language_python_syntax,-5,is,,straightforward,-5,1000000,,
100000,0,1,Computer Science_Programming Language_python_syntax,-5,is,,readable,-5,1000000,,
10000000,0,1,Computer Science_Programming Language_python,-5,supports,,interactive mode,-5,1000000,,
700000,0,1,Computer Science_Programming Language_python,-5,supports,,object oriented programming,-5,1000000,,
10000000,0,1,Computer Science_Programming Language_python,-5,uses,,dynamic typing,-5,1000000,,
10000000,0,1,Computer Science_Programming Language_python,-5,has,vast,standard library,-5,1000000,,
10000000,0,1,Computer Science_Programming Language_python,-5,supports,,cross platform,-5,1000000,,
100000,0,1,Computer Science_Programming Language_python,-5,has,vibrant,community,-5,1000000,,
100000,0,1,Computer Science_Programming Language_python,-5,has,vibrant,ecosystem,-5,1000000,,
10000000,0,1,Computer Science_Programming Language_python,-5,can,be downloaded from,python.org,-5,1000000,,
10000000,0,1,Computer Science_Programming Language_python,-5,can,be installed via,packet manegers,-5,1000000,,
1000000,0,1,Computer Science_Programming Language_python_standard library,-5,supports,,web development,-5,1000000,,
1000000,0,1,Computer Science_Programming Language_python_standard library,-5,supports,,data science,-5,1000000,,
1000000,0,1,Computer Science_Programming Language_python_standard library,-5,supports,,machine learning,-5,1000000,,
1000000,0,1,Computer Science_Programming Language_python_standard library,-5,supports,,system administration,-5,1000000,,
1000000,0,1,Computer Science_Programming Language_python_standard library,-5,supports,,scripting,-5,1000000,,
1000000,0,1,Computer Science_Programming Language_python_standard library,-5,supports,,networking,-5,1000000,,
1000000,0,1,Computer Science_Programming Language_python_standard library,-5,supports,,GUI development,-5,1000000,,
1000000,0,1,Computer Science_Programming Language_python_standard library,-5,supports,,file handling,-5,1000000,,
1000000,0,1,Computer Science_Programming Language_python_standard library,-5,supports,,cryptography,-5,1000000,,
1000000,0,1,Computer Science_Programming Language_python_standard library_web development,-5,includes,,Django,-5,1000000,,
1000000,0,1,Computer Science_Programming Language_python_standard library_web development,-5,includes,,Flask,-5,1000000,,
1000000,0,1,Computer Science_Programming Language_python_standard library_web development,-5,includes,,Requests,-5,1000000,,
1000000,0,1,Computer Science_Programming Language_python_standard library_data science,-5,includes,,Numpy,-5,1000000,,
1000000,0,1,Computer Science_Programming Language_python_standard library_machine learning,-5,includes,,Pandas,-5,1000000,,
1000000,0,1,Computer Science_Programming Language_python_standard library_machine learning,-5,includes,,Scikit learn,-5,1000000,,
1000000,0,1,Computer Science_Programming Language_python_standard library_machine learning,-5,includes,,tensor flow (or Py torch),-5,1000000,,
1000000,0,1,Computer Science_Programming Language_python_standard library_system administration,-5,includes,,OS,-5,1000000,,
1000000,0,1,Computer Science_Programming Language_python_standard library_scripting,-5,includes,,subprocess,-5,1000000,,
1000000,0,1,Computer Science_Programming Language_python_standard library_scripting,-5,includes,,paramiko,-5,1000000,,
1000000,0,1,Computer Science_Programming Language_python_standard library_networking,-5,includes,,socket,-5,1000000,,
1000000,0,1,Computer Science_Programming Language_python_standard library_networking,-5,includes,,requests,-5,1000000,,
1000000,0,1,Computer Science_Programming Language_python_standard library_networking,-5,includes,,twisted,-5,1000000,,
1000000,0,1,Computer Science_Programming Language_python_standard library_GUI development,-5,includes,,tkinter,-5,1000000,,
1000000,0,1,Computer Science_Programming Language_python_standard library_GUI development,-5,includes,,pyqt,-5,1000000,,
1000000,0,1,Computer Science_Programming Language_python_standard library_file handling,-5,includes,,OS.path,-5,1000000,,
1000000,0,1,Computer Science_Programming Language_python_standard library_file handling,-5,includes,,shutil,-5,1000000,,
1000000,0,1,Computer Science_Programming Language_python_standard library_file handling,-5,includes,,io,-5,1000000,,
1000000,0,1,Computer Science_Programming Language_python_standard library_cryptography,-5,includes,,hashlib,-5,1000000,,
1000000,0,1,Computer Science_Programming Language_python_standard library_cryptography,-5,includes,,cryptography,-5,1000000,,
100000,0,1,Computer Science_Programming Language_python_object oriented programming,-5,has,,access specifier,-5,1000000,,
100000,0,1,Computer Science_Programming Language_python_object oriented programming_access specifier,-5,includes,,public,-5,10000000,,
100000,0,1,Computer Science_Programming Language_python_object oriented programming_access specifier,-5,includes,,protected,-5,10000000,,
100000,0,1,Computer Science_Programming Language_python_object oriented programming_access specifier,-5,includes,,private,-5,10000000,,
100000,0,0,Computer Science_Programming Language_python_object oriented programming_access specifier_public,-5,does,have,naming convention,-5,1000000,,
100000,0,1,Computer Science_Programming Language_python_object oriented programming_access specifier_protected,-5,has,,prefix single underscore (_),-5,10000000,,
100000,0,1,Computer Science_Programming Language_python_object oriented programming_access specifier_private,-5,has,,prefix double underscore (_ _),-5,10000000,,
100000,0,1,Computer Science_Programming Language_python_object oriented programming,-5,provides,,abc' module,-5,10000000,,
100000,0,1,Computer Science_Programming Language_python_object oriented programming_'abc' module,-5,is,used for defining,abstract base class,-5,10000000,,
700000,0,1,Computer Science_Programming Language_SQL,-5,is,,Structured Query Language,-5,5,,
700000,0,1,Computer Science_Programming Language_SQL_MYSQL,-5,is,,relational database management system,-5,5,,
1000000,0,1,Computer Science_Programming Language_SQL_MYSQL,-5,is,used for,Data Storage,-5,5,,
1000000,0,1,Computer Science_Programming Language_SQL_MYSQL,-5,is,used for,Data Management,-5,5,,
1000000,0,1,Computer Science_Programming Language_SQL_MYSQL,-5,is,used for,Retrieving Structured data,-5,5,,
10000000,0,1,Computer Science_Programming Language_SQL_MYSQL,-5,is,,Open Source Software,-5,5,,
10000000,0,1,Computer Science_Programming Language_SQL_MYSQL,-5,is,avaliable under,GNU General Purpose License,-5,5,,
100000,0,1,Computer Science_Programming Language_SQL_MYSQL,-5,can,be freely,downloaded,-5,5,,
100000,0,1,Computer Science_Programming Language_SQL_MYSQL,-5,can,be freely,used,-5,5,,
100000,0,1,Computer Science_Programming Language_SQL_MYSQL,-5,can,be modified by,individual,-5,5,,
100000,0,1,Computer Science_Programming Language_SQL_MYSQL,-5,can,be modified by,organisations,-5,5,,
100000,0,1,Computer Science_Programming Language_SQL_MYSQL,-5,offers,excellent,scalability,-5,5,,
1000000,0,1,Computer Science_Programming Language_SQL_MYSQL,-5,supports,,ACID,-5,5,,
10000000,0,1,Computer Science_Programming Language_SQL_MYSQL_ACID,-5,stands,for,Atomicity Consistency Isolation Durability,-5,5,,
100000,0,1,Computer Science_Programming Language_SQL_MYSQL,-5,ensures,,data integrity,-5,5,,
100000,0,1,Computer Science_Programming Language_SQL_MYSQL,-5,supports,,replication,-5,5,,
100000,0,1,Computer Science_Programming Language_SQL_MYSQL,-5,provides,robust,security features,-5,5,,
1000000,0,1,Computer Science_Programming Language_SQL_MYSQL_security features,-5,includes,,user authentication,-5,5,,
1000000,0,1,Computer Science_Programming Language_SQL_MYSQL_security features,-5,includes,,access control,-5,5,,
1000000,0,1,Computer Science_Programming Language_SQL_MYSQL_security features,-5,includes,,encryption,-5,5,,
1000000,0,1,Computer Science_Programming Language_SQL_MYSQL_security features,-5,includes,,auditing capabilities,-5,5,,
100000,0,1,Computer Science_Programming Language_SQL_MYSQL,-5,has,,server,-5,5,,
100000,0,1,Computer Science_Programming Language_SQL_MYSQL,-5,has,,client,-5,5,,
700000,0,1,Computer Science_Data Structures,-5,has,,queue,-5,700000,,
1000000,0,1,Computer Science_Data Structures_queue,-5,is,linear,data structures,-5,1000000,,
1000000,0,1,Computer Science_Data Structures_queue,-5,is,,FIFO,-5,1000000,,
10000000,0,1,Computer Science_Data Structures_queue_FIFO,-5,is,,First in first out,-5,10000000,,
1000000,0,1,Computer Science_Data Structures_queue,-5,is,used in,task scheduling,-5,1000000,,
10000000,0,1,Computer Science_Data Structures_queue,-5,is,used in,breadth first search,-5,10000000,,
1000000,0,1,Computer Science_Data Structures_queue,-5,is,used in buffers in,networking,-5,1000000,,
10000000,0,1,Computer Science_Data Structures_queue,-5,can,be implemented by,array,-5,10000000,,
10000000,0,1,Computer Science_Data Structures_queue,-5,can,be implemented by,linked list,-5,10000000,,
700000,0,1,Computer Science_Data Structures_queue_array,-5,has,fixed,size,-5,700000,,
700000,0,1,Computer Science_Data Structures_queue_array,-5,has,contiguous block of ,memory,-5,700000,,
700000,0,1,Computer Science_Data Structures_queue_array,-5,has,,front,-5,700000,,
700000,0,1,Computer Science_Data Structures_queue,-5,has,,rear,-5,700000,,
1000000,0,1,Computer Science_Data Structures_queue,-5,supports,,operations,-5,1000000,,
10000000,0,1,Computer Science_Data Structures_queue_operations,-5,includes,,enqueue,-5,10000000,,
10000000,0,1,Computer Science_Data Structures_queue_operations,-5,includes,,dequeue,-5,10000000,,
10000000,0,1,Computer Science_Data Structures_queue_operations,-5,includes,,peek,-5,10000000,,
10000000,0,1,Computer Science_Data Structures_queue_operations,-5,includes,,isEmpty,-5,10000000,,
10000000,0,1,Computer Science_Data Structures_queue_operations,-5,includes,,isFull,-5,10000000,,
700000,0,1,Computer Science_Data Structures_queue_linked list,-5,has,,node,-5,700000,,
700000,0,1,Computer Science_Data Structures_queue_linked list,-5,has,variable,size,-5,700000,,
700000,0,1,Computer Science_Data Structures_queue,-5,has,space complexity,O(n),-5,700000,,
700000,0,1,Computer Science_Data Structures_queue,-5,may,lead to,error,-5,700000,,
700000,0,1,Computer Science_Data Structures_queue_error,-5,includes,,Queue overflow,-5,700000,,
700000,0,1,Computer Science_Data Structures_queue_error,-5,includes,,Queue underflow,-5,700000,,
700000,0,1,Computer Science_Data Structures,-5,includes,,stack,-5,700000,,
700000,0,1,Computer Science_Data Structures_stack,-5,is,linear,data structures,-5,700000,,
700000,0,1,Computer Science_Data Structures_stack,-5,follows,,LIFO,-5,700000,,
700000,0,1,Computer Science_Data Structures_stack_LIFO,-5,is,,Last in First out,-5,700000,,
1000000,0,1,Computer Science_Data Structures_stack,-5,supports,,operations,-5,1000000,,
10000000,0,1,Computer Science_Data Structures_stack_operations,-5,has,,push,-5,10000000,,
10000000,0,1,Computer Science_Data Structures_stack_operations,-5,has,,pop,-5,10000000,,
700000,0,1,Computer Science_Data Structures_stack,-5,can,be implemented by,array,-5,700000,,
700000,0,1,Computer Science_Data Structures_stack,-5,can,be implemented by,linked list,-5,700000,,
700000,0,1,Computer Science_Data Structures_stack_array,-5,has,fixed,size,-5,700000,,
700000,0,1,Computer Science_Data Structures_stack_linked list,-5,has,,nodes,-5,700000,,
700000,0,1,Computer Science_Data Structures_stack_linked list,-5,has,variable,size,-5,700000,,
1000000,0,1,Computer Science_Data Structures_stack_linked list,-5,includes,,pointers,-5,1000000,,
10000000,0,1,Computer Science_Data Structures_stack_operations,-5,has,,peek,-5,10000000,,
10000000,0,1,Computer Science_Data Structures_stack_operations,-5,has,,isempty,-5,10000000,,
10000000,0,1,Computer Science_Data Structures_stack_operations,-5,has,,isfull,-5,10000000,,
700000,0,1,Computer Science_Data Structures_stack,-5,has,space complexity,O(n),-5,700000,,
10000000,0,1,Computer Science_Data Structures_stack,-5,is,used in,expression evaluation,-5,10000000,,
10000000,0,1,Computer Science_Data Structures_stack,-5,is,used in,function call management,-5,10000000,,
10000000,0,1,Computer Science_Data Structures_stack,-5,is,used in,undo functionality,-5,10000000,,
10000000,0,1,Computer Science_Data Structures_stack,-5,is,used in,backtracking,-5,10000000,,
10000000,0,1,Computer Science_Data Structures_stack,-5,may,lead to,stack overflow,-5,10000000,,
10000000,0,1,Computer Science_Data Structures_stack,-5,may,lead to,stack underflow,-5,10000000,,
10000000,0,1,Computer Science_Data Structures_stack,-5,is,used in,depth first search,-5,10000000,,
700000,0,1,Computer Science_Data Structures,-5,includes,,tree,-5,700000,,
700000,0,1,Computer Science_Data Structures_tree,-5,is,hierarchical,data structures,-5,700000,,
10000000,0,1,Computer Science_Data Structures_tree,-5,consists,of,nodes,-5,10000000,,
1000000,0,1,Computer Science_Data Structures_tree_nodes,-5,are,connected by,edges,-5,1000000,,
10000000,0,1,Computer Science_Data Structures_tree_nodes,-5,are,typically organized in,parent-child relationship,-5,10000000,,
1000000,0,1,Computer Science_Data Structures_tree,-5,includes,,binary tree,-5,1000000,,
10000000,0,1,Computer Science_Data Structures_tree_binary tree,-5,has,,nodes,-5,10000000,,
10000000,0,1,Computer Science_Data Structures_tree_binary tree_nodes,-5,has,atmost 2,children,-5,10000000,,
10000000,0,1,Computer Science_Data Structures_tree_binary tree_nodes,-5,has,,left child,-5,10000000,,
10000000,0,1,Computer Science_Data Structures_tree_binary tree_nodes,-5,has,,right child,-5,10000000,,
1000000,0,1,Computer Science_Data Structures_tree,-5,includes,,Binary search tree,-5,1000000,,
1000000,0,1,Computer Science_Data Structures_tree,-5,includes,,balanced tree,-5,1000000,,
1000000,0,1,Computer Science_Data Structures_tree,-5,includes,,complete tree,-5,1000000,,
1000000,0,1,Computer Science_Data Structures_tree,-5,includes,,full tree,-5,1000000,,
1000000,0,1,Computer Science_Data Structures_tree,-5,includes,,perfect tree,-5,1000000,,
10000000,0,1,Computer Science_Data Structures_tree_binary tree_nodes,-5,contains,,data element,-5,10000000,,
10000000,0,1,Computer Science_Data Structures_tree_binary tree_nodes,-5,contains,,pointers,-5,10000000,,
1000000,0,1,Computer Science_Data Structures_tree_binary tree_nodes_pointers,-5,points,,left child,-5,1000000,,
1000000,0,1,Computer Science_Data Structures_tree_binary tree_nodes_pointers,-5,points,,right child,-5,1000000,,
10000000,0,1,Computer Science_Data Structures_tree,-5,has,,traversal,-5,10000000,,
700000,0,1,Computer Science_Data Structures_tree_traversal,-5,has,,inorder,-5,700000,,
700000,0,1,Computer Science_Data Structures_tree_traversal,-5,has,,preorder,-5,700000,,
700000,0,1,Computer Science_Data Structures_tree_traversal,-5,has,,postorder,-5,700000,,
100000,0,1,Computer Science_Data Structures_tree_traversal,-5,may,use,recursive algorithm,-5,100000,,
100000,0,1,Computer Science_Data Structures_tree_traversal,-5,may,use,non-recursive algorithm,-5,100000,,
10000000,0,1,Computer Science_Data Structures_tree_traversal_inorder,-5,is,,LNR,-5,10000000,,
10000000,0,1,Computer Science_Data Structures_tree_traversal_inorder_LNR,-5,is,,left-node-right,-5,10000000,,
10000000,0,1,Computer Science_Data Structures_tree_traversal_preorder,-5,is,,NLR,-5,10000000,,
10000000,0,1,Computer Science_Data Structures_tree_traversal_preorder_NLR,-5,is,,node-left-right,-5,10000000,,
10000000,0,1,Computer Science_Data Structures_tree_traversal_postorder,-5,is,,LRN,-5,10000000,,
10000000,0,1,Computer Science_Data Structures_tree_traversal_postorder_LRN,-5,is,,left-right-node,-5,10000000,,
1000000,0,1,Computer Science_Data Structures_tree,-5,has,,operations,-5,1000000,,
10000000,0,1,Computer Science_Data Structures_tree_operations,-5,includes,,insertion,-5,10000000,,
10000000,0,1,Computer Science_Data Structures_tree_operations,-5,includes,,deletion,-5,10000000,,
10000000,0,1,Computer Science_Data Structures_tree_operations,-5,includes,,search,-5,10000000,,
10000000,0,1,Computer Science_Data Structures_tree_operations,-5,includes,,height,-5,10000000,,
10000000,0,1,Computer Science_Data Structures_tree_operations,-5,includes,,balance factor,-5,10000000,,
1000000,0,1,Computer Science_Data Structures_tree,-5,has,,applications,-5,1000000,,
10000000,0,1,Computer Science_Data Structures_tree_applications,-5,includes,implementing,array,-5,10000000,,
10000000,0,1,Computer Science_Data Structures_tree_applications,-5,includes,,file systems,-5,10000000,,
10000000,0,1,Computer Science_Data Structures_tree_applications,-5,includes,,expression evaluation,-5,10000000,,
10000000,0,1,Computer Science_Programming language_C,-5,has,,linked list,-5,10000000,,
700000,0,1,Computer Science_Programming language_C_linked list,-5,uses,,dynamic memory allocation,-5,700000,,
100000,0,1,Computer Science_Programming language_C_linked list,-5,is,efficient way to store,data,-5,100000,,
10000000,0,1,Computer Science_Programming language_C_linked list,-5,does,not have fixed,size,-5,10000000,,
700000,0,1,Computer Science_Programming language_C_linked list,-5,is,linear,data strucutres,-5,700000,,
1000000,0,1,Computer Science_Programming language_C_linked list,-5,has,,nodes,-5,1000000,,
100000,0,1,Computer Science_Programming language_C_linked list,-5,has,many,types,-5,100000,,
10000000,0,1,Computer Science_Programming language_C_linked list_types,-5,includes,,singly linked list,-5,10000000,,
10000000,0,1,Computer Science_Programming language_C_linked list_types,-5,includes,,doubly linked list,-5,10000000,,
10000000,0,1,Computer Science_Programming language_C_linked list_types,-5,includes,,circular linked list,-5,10000000,,
10000000,0,1,Computer Science_Programming language_C_linked list_types,-5,includes,,doubly circular linked list,-5,10000000,,
1000000,0,1,Computer Science_Programming language_C_linked list,-5,performs,many,operations,-5,1000000,,
10000000,0,1,Computer Science_Programming language_C_linked list_operations,-5,includes,,insetion,-5,10000000,,
10000000,0,1,Computer Science_Programming language_C_linked list_operations,-5,includes,,deletion,-5,10000000,,
10000000,0,1,Computer Science_Programming language_C_linked list_operations,-5,includes,,traversal,-5,10000000,,
10000000,0,1,Computer Science_Programming language_C_linked list_operations,-5,includes,,search,-5,10000000,,
10000000,0,1,Computer Science_Programming language_C_linked list_operations,-5,includes,,concatenation,-5,10000000,,
10000000,0,1,Computer Science_Programming language_C_linked list_operations,-5,includes,,reversal,-5,10000000,,
1000000,0,1,Computer Science_Programming language_C_linked list,-5,has,,pointers,-5,1000000,,
1000000,0,1,Computer Science_Programming language_C_linked list_nodes,-5,has,,data,-5,1000000,,
700000,0,1,Computer Science_Programming language_C_linked list,-5,has,,dynamic size,-5,700000,,
100000,0,1,Computer Science_Programming language_C_linked list,-5,is,,memory efficient,-5,100000,,
100000,0,1,Computer Science_Programming language_C_linked list,-5,is,,flexible,-5,100000,,
100000,0,1,Computer Science_Programming language_C_linked list,-5,has,some,disadvantages,-5,100000,,
10000000,0,1,Computer Science_Programming language_C_linked list_disadvantages,-5,includes,,traversal overhead,-5,10000000,,
10000000,0,1,Computer Science_Programming language_C_linked list_disadvantages,-5,includes,,no random access,-5,10000000,,
100000,0,1,Computer Science_Programming language_C_linked list,-5,has,various,applications,-5,100000,,
1000000,0,1,Computer Science_Programming language_C_linked list_applications,-5,includes,,data processing algorithm,-5,1000000,,
1000000,0,1,Computer Science_Programming language_C_linked list_applications,-5,includes,,Operating system,-5,1000000,,
1000000,0,1,Computer Science_Programming language_C_linked list_applications,-5,includes,,database management system,-5,1000000,,
10000000,0,1,Computer science_programming language_python,-5,has,,dictionary,-5,10000000,It is unordered collection of key value pairs,
1000000,0,1,Computer science_programming language_python_dictionary,-5,is,highly versatile,data structure,-5,1000000,,
1000000,0,1,Computer science_programming language_python_dictionary,-5,uses,,curly braces { },-5,1000000,,
1000000,0,1,Computer science_programming language_python_dictionary,-5,consists,of,comma separated pairs,-5,1000000,,
1000000,0,1,Computer science_programming language_python_dictionary,-5,consists,of,key,-5,1000000,,
1000000,0,1,Computer science_programming language_python_dictionary,-5,consists,of,values,-5,1000000,,
10000000,0,1,Computer science_programming language_python_dictionary_key,-5,is,,unique,-5,10000000,,
10000000,0,1,Computer science_programming language_python_dictionary_key,-5,is,,immutable,-5,10000000,,
1000000,0,1,Computer science_programming language_python_dictionary_key,-5,supports,many,data type,-5,1000000,,
1000000,0,1,Computer science_programming language_python_dictionary_key_data type,-5,includes,,int,-5,1000000,,
1000000,0,1,Computer science_programming language_python_dictionary_key_data type,-5,includes,,float,-5,1000000,,
1000000,0,1,Computer science_programming language_python_dictionary_key_data type,-5,includes,,string,-5,1000000,,
1000000,0,1,Computer science_programming language_python_dictionary_key_data type,-5,includes,,list,-5,1000000,,
1000000,0,1,Computer science_programming language_python_dictionary_key_data type,-5,includes,,tuple,-5,1000000,,
1000000,0,1,Computer science_programming language_python_dictionary_key_data type,-5,includes,,set,-5,1000000,,
1000000,0,1,Computer science_programming language_python_dictionary_key_data type,-5,includes,even other,dictionary,-5,1000000,,
1000000,0,1,Computer science_programming language_python_dictionary,-5,has,various,methods,-5,1000000,,
1000000,0,1,Computer science_programming language_python_dictionary_methods,-5,includes,,get(),-5,1000000,,
1000000,0,1,Computer science_programming language_python_dictionary_methods,-5,includes,,keys(),-5,1000000,,
1000000,0,1,Computer science_programming language_python_dictionary_methods,-5,includes,,values(),-5,1000000,,
1000000,0,1,Computer science_programming language_python_dictionary_methods,-5,includes,,items(),-5,1000000,,
1000000,0,1,Computer science_programming language_python_dictionary,-5,supports,nested,dictionary,-5,1000000,,
1000000,0,1,Computer science_programming language_python_dictionary,-5,has,wide,use case,-5,1000000,,
1000000,0,1,Computer science_programming language_python_dictionary_use case,-5,includes,,data strorage,-5,1000000,,
1000000,0,1,Computer science_programming language_python_dictionary_use case,-5,includes,,configuration settings,-5,1000000,,
1000000,0,1,Computer science_programming language_python_dictionary_use case,-5,includes,,caching,-5,1000000,,
10000000,0,1,Computer science_programming language_python,-5,has,,tuple,-5,10000000,,
1000,0,1,Computer science_programming language_python_tuple,-5,is,,versatile,-5,1000,,
1000000,0,1,Computer science_programming language_python_tuple,-5,is,immutable,data structure,-5,1000000,,
10000000,0,1,Computer science_programming language_python_tuple,-5,stores,collection of,elements,-5,10000000,,
1000000,0,1,Computer science_programming language_python_tuple,-5,contains,heterogeneous,data types,-5,1000000,,
1000000,0,1,Computer science_programming language_python_tuple_data types,-5,includes,,int,-5,1000000,,
1000000,0,1,Computer science_programming language_python_tuple_data types,-5,includes,,float,-5,1000000,,
1000000,0,1,Computer science_programming language_python_tuple_data types,-5,includes,,string,-5,1000000,,
1000000,0,1,Computer science_programming language_python_tuple_data types,-5,includes,,tuple,-5,1000000,,
10000000,0,1,Computer science_programming language_python_tuple_data types_tuple,-5,is,collection of,elements,-5,10000000,,
1000000,0,1,Computer science_programming language_python_tuple_data types_tuple,-5,is,used to represent fixed collection of,values,-5,1000000,,
1000000,0,1,Computer science_programming language_python_tuple_data types_tuple,-5,uses,0-based,indexing,-5,1000000,,
100000,0,1,Computer science_programming language_python_tuple_data types_tuple,-5,supports,,slicing,-5,100000,,
10000000,0,1,Computer science_programming language_python_tuple_data types_tuple_slicing,-5,uses,,: operator,-5,10000000,,
1000000,0,1,Computer science_programming language_python_tuple_data types_tuple,-5,supports,,methods,-5,1000000,,
1000000,0,1,Computer science_programming language_python_tuple_data types_tuple_methods,-5,includes,,count(),-5,1000000,,
1000000,0,1,Computer science_programming language_python_tuple_data types_tuple_methods,-5,includes,,index(),-5,1000000,,
1000000,0,1,Computer science_programming language_python_tuple_data types_tuple,-5,consumes,less,memory,-5,1000000,,
100000,0,1,Computer science_programming language_python_tuple_data types_tuple,-5,has,faster,iteration,-5,100000,,
1000000,0,1,Computer science_programming language_python_tuple_data types_tuple,-5,is,used in,funciton return values,-5,1000000,,
1000000,0,1,Computer science_programming language_python_tuple_data types_tuple,-5,is,used in,dictionary keys,-5,1000000,,
1000000,0,1,Computer science_programming language_python_tuple_data types_tuple,-5,is,used in,tuple unpacking,-5,1000000,,
100000,0,1,Computer Science_Programming Language_C++,-5,supports,fundamental,data type,-5,100000,,
100000,0,1,Computer Science_Programming Language_C++_data type,-5,includes,,integer,-5,100000,,
100000,0,1,Computer Science_Programming Language_C++_data type,-5,includes,,float,-5,100000,,
100000,0,1,Computer Science_Programming Language_C++_data type,-5,includes,,double,-5,100000,,
100000,0,1,Computer Science_Programming Language_C++_data type,-5,includes,,character,-5,100000,,
100000,0,1,Computer Science_Programming Language_C++_data type,-5,includes,,boolean,-5,100000,,
100000,0,1,Computer Science_Programming Language_C++_data type,-5,includes,,structure,-5,100000,,
100000,0,1,Computer Science_Programming Language_C++_data type,-5,includes,,enumeration,-5,100000,,
1000000,0,1,Computer Science_Programming Language_C++,-5,supports,,pointer,-5,1000000,,
1000000,0,1,Computer Science_Programming Language_C++,-5,supports,,references,-5,1000000,,
1000000,0,1,Computer Science_Programming Language_C++,-5,provides,dynamic ,memory allocation,-5,1000000,,
10000,0,1,Computer Science_Programming Language_C++_memory allocation,-5,includes,,new,-5,10000,,
10000,0,1,Computer Science_Programming Language_C++_memory allocation,-5,includes,,delete,-5,10000,,
10000000,0,1,Computer Science_Programming Language_C++,-5,supports,,exception handling,-5,10000000,,
100000,0,1,Computer Science_Programming Language_C++,-5,has,,STL,-5,100000,,
1000000,0,1,Computer Science_Programming Language_C++_STL,-5,is,,Standard template library,-5,1000000,,
100000,0,1,Computer Science_Programming Language_C++_STL,-5,has,,container,-5,100000,,
1000000,0,1,Computer Science_Programming Language_C++_STL_container,-5,includes,,list,-5,1000000,,
1000000,0,1,Computer Science_Programming Language_C++_STL_container,-5,includes,,set,-5,1000000,,
1000000,0,1,Computer Science_Programming Language_C++_STL_container,-5,includes,,map,-5,1000000,,
1000000,0,1,Computer Science_Programming Language_C++_STL_container,-5,includes,,queue,-5,1000000,,
1000000,0,1,Computer Science_Programming Language_C++_STL_container,-5,includes,,stack,-5,1000000,,
1000000,0,1,Computer Science_Programming Language_C++_STL_container,-5,includes,,vector,-5,1000000,,
100000,0,1,Computer Science_Programming Language_C++_STL,-5,has,,algorithm,-5,100000,,
100000,0,1,Computer Science_Programming Language_C++_STL,-5,has,,iterator,-5,100000,,
100000,0,1,Computer Science_Programming Language_C++_STL,-5,has,,function object,-5,100000,,
100000,0,1,Computer Science_Programming Language_C++_STL_algorithm,-5,includes,,searching element,-5,100000,,
100000,0,1,Computer Science_Programming Language_C++_STL_algorithm,-5,includes,,sorting element,-5,100000,,
100000,0,1,Computer Science_Programming Language_C++_STL_algorithm,-5,includes,,manipulating element,-5,100000,,
10000000,0,1,Computer Science_Programming Language_C++,-5,has,,smart pointer,-5,10000000,,
10000000,0,1,Computer Science_Programming Language_C++,-5,supports,,multi-threading,-5,10000000,,
10000000,0,1,Computer Science_Programming Language_C++,-5,supports,,concurrency,-5,10000000,,
10000,0,1,Computer Science_Programming Language_C++,-5,is,,powerful,-5,10000,,
10000,0,1,Computer Science_Programming Language_C++,-5,is,,versatile,-5,10000,,
700000,0,1,Computer Science_Programming Language_C++,-5,is,developed by,Bjarne Stroustup,-5,700000,,
700000,0,1,Computer Science_Programming Language_C++,-5,is,developed in,1979,-5,700000,,
700000,0,1,Computer Science_Programming Language_C++,-5,was,developed at,Bell labs,-5,700000,,
10000000,0,1,Computer Science_Programming Language_C++,-5,is,an extension of,C,-5,10000000,,
10000000,0,1,Computer Science_Programming Language_C++,-5,supports,high level,abstraction,-5,10000000,,
10000,0,1,Computer Science_Programming Language_C++,-5,offers,high,performance,-5,10000,,
10000,0,1,Computer Science_Programming Language_C++,-5,offers,high,efficiency,-5,10000,,
100000,0,1,Computer Science_Programming Language_C++,-5,is,suitable for resource constrained,environment,-5,100000,,
100000,0,1,Computer Science_Programming Language_C++,-5,is,suitable for performance critical,application,-5,100000,,
1000000,0,1,Computer Science_Programming Language_C++,-5,supports,multiple,programming paradigm,-5,1000000,,
10000000,0,1,Computer Science_Programming Language_C++_programming paradigm,-5,has,,procedual programming,-5,10000000,,
10000000,0,1,Computer Science_Programming Language_C++_programming paradigm,-5,has,,object oriented programming,-5,10000000,,
10000000,0,1,Computer Science_Programming Language_C++_programming paradigm,-5,has,,generic programming,-5,10000000,,
1000000,0,1,Computer Science_Programming Language_C++,-5,provides,robust libraries for,object oriented programming,-5,1000000,,
1000000,0,1,Computer Science_Programming Language_C++_object oriented programming,-5,includes,,class,-5,1000000,,
1000000,0,1,Computer Science_Programming Language_C++_object oriented programming,-5,includes,,object,-5,1000000,,
1000000,0,1,Computer Science_Programming Language_C++_object oriented programming,-5,includes,,inheritence,-5,1000000,,
1000000,0,1,Computer Science_Programming Language_C++_object oriented programming,-5,includes,,encapsulation,-5,1000000,,
1000000,0,1,Computer Science_Programming Language_C++_object oriented programming,-5,includes,,polymorphism,-5,1000000,,
1000000,0,1,Computer Science_Programming Language_C++_object oriented programming,-5,facilitates,modular,code,-5,1000000,,
10000,0,1,Computer Science_Programming Language_C++_object oriented programming,-5,facilitates,reusable,code,-5,10000,,
10000,0,1,Computer Science_Programming Language_C++,-5,allows,manipulation of,memory address,-5,10000,,
10000,0,1,Computer Science_Programming Language_C++,-5,allows,manipulation of,hardware resource,-5,10000,,
1000000,0,1,Computer Science_Programming Language_C++,-5,maintains,compatibilty with,Computer Science_Programming Language_C,-5,1000000,,
1000000,0,1,Computer Science_Programming Language_C++,-5,has,vast,library,-5,1000000,,
100000,0,1,Computer Science_Programming Language_C++,-5,has,active community of,developer,-5,100000,,
1000000,0,1,Computer Science_Programming Language_C++_developer,-5,has,average pay of,"$70,000",-5,1000000,,
10000000,0,1,Computer Science_Programming Language_C++,-5,has,,vector,-5,10000000,,
10000000,0,1,Computer Science_Programming Language_C++_vector,-5,is,dynamic,array,-5,10000000,,
1000000,0,1,Computer Science_Programming Language_C++_vector,-5,is,part of,STL,-5,1000000,,
100000,0,1,Computer Science_Programming Language_C++_vector,-5,can,resize,itself,-5,100000,,
100000,0,1,Computer Science_Programming Language_C++_vector,-5,provides,efficient way to access,elements,-5,100000,,
100000,0,1,Computer Science_Programming Language_C++_vector,-5,has,,datatype,-5,100000,,
100000,0,1,Computer Science_Programming Language_C++_vector,-5,supports,wide range of,operations,-5,100000,,
1000000,0,1,Computer Science_Programming Language_C++_vector_operations,-5,includes,,size(),-5,1000000,,
1000000,0,1,Computer Science_Programming Language_C++_vector_operations,-5,includes,,empty(),-5,1000000,,
1000000,0,1,Computer Science_Programming Language_C++_vector_operations,-5,includes,,clear(),-5,1000000,,
1000000,0,1,Computer Science_Programming Language_C++_vector_operations,-5,includes,,pop-back(),-5,1000000,,
1000000,0,1,Computer Science_Programming Language_C++_vector_operations,-5,includes,,insert(),-5,1000000,,
1000000,0,1,Computer Science_Programming Language_C++_vector_operations,-5,includes,,erase(),-5,1000000,,
10000,0,1,Computer Science_Programming Language_C++_vector,-5,has,many,advantages,-5,10000,,
1000000,0,1,Computer Science_Programming Language_C++_vector_advantages,-5,includes,,dynamic resizing,-5,1000000,,
1000000,0,1,Computer Science_Programming Language_C++_vector_advantages,-5,includes,,bounds checking,-5,1000000,,
1000000,0,1,Computer Science_Programming Language_C++_vector_advantages,-5,includes,,range-based for loops,-5,1000000,,
1000000,0,1,Computer Science_Programming Language_C++_vector,-5,uses,0 based,indexing,-5,1000000,,
10000,0,1,Computer Science_Programming Language_C++_vector,-5,has,,syntax,-5,10000,,
1000000,0,1,Computer Science_Programming Language_C++_vector_syntax,-5,includes,,std::vector,-5,1000000,,
1000000,0,1,Computer Science_Programming Language_C++_vector_syntax,-5,includes,,data type,-5,1000000,,
1000000,0,1,Computer Science_Programming Language_C++_vector_syntax,-5,includes,,vector name,-5,1000000,,
1000000,0,1,Computer Science_Programming Language_C++_vector_operations,-5,includes,,push-back(),-5,1000000,,
10000,0,1,Computer Science_Programming Language_C++_vector,-5,is,used for,manipulating elements,-5,10000,,
10000,0,1,Computer Science_Programming Language_C++_vector,-5,is,used for,elements,-5,10000,,
100000,0,1,Computer Science_Programming Language_C++_vector,-5,is,used for various,tasks,-5,100000,,
100000,0,1,Computer Science_Programming Language_C++_vector_tasks,-5,includes,,data storage,-5,100000,,
100000,0,1,Computer Science_Programming Language_C++_vector_tasks,-5,includes,,algorithm implementation,-5,100000,,
100000,0,1,Computer Science_Programming Language_C++_vector_tasks,-5,includes,,container manipulation,-5,100000,,
10000,0,1,Computer Science_Programming Language_C++_vector,-5,is,,robust,-5,10000,,
10000,0,1,Computer Science_Programming Language_C++_vector,-5,is,,scalable,-5,10000,,
10000000,0,1,Computer Science_Programming Language_Lisp,-5,is,shortf name for,List Processing,-5,10000000,,
10000000,0,1,Computer Science_Programming Language_Lisp,-5,is,developed in,late 1950s,-5,10000000,,
10000000,0,1,Computer Science_Programming Language_Lisp,-5,is,developed by,John McCarthy,10,10000000,,
10000000,0,1,Computer Science_Programming Language_Lisp,-5,is,first high level,programming language,-5,10000000,,
100000,0,1,Computer Science_Programming Language_Lisp,-5,has,immense,features,-5,100000,,
1000000,0,1,Computer Science_Programming Language_Lisp_features,-5,includes,,garbage collection,-5,1000000,,
10000000,0,1,Computer Science_Programming Language_Lisp_features,-5,includes,,functional programming,-5,10000000,,
1000000,0,1,Computer Science_Programming Language_Lisp_features,-5,includes,,macros,-5,1000000,,
1000000,0,1,Computer Science_Programming Language_Lisp_features,-5,supports,,dynamic typing,-5,1000000,,
10000000,0,1,Computer Science_Programming Language_Lisp,-5,is,used in,Artificial Intelligence,-5,10000000,,
10000000,0,1,Computer Science_Programming Language_Lisp,-5,is,used in,Scientific Computing,-5,10000000,,
10000,0,1,Computer Science_Programming Language_Lisp,-5,is,,flexible,-5,10000,,
10000,0,1,Computer Science_Programming Language_Lisp,-5,has,historical,significance,-5,10000,,
10000000,0,1,Computer Science_Programming Language_Prolog,-5,is,declarative logic,programming language,-5,5,,
1000000,0,1,Computer Science_Programming Language_Prolog,-5,is,associated with,Artificial Intelligence,-5,5,,
700000,0,1,Computer Science_Programming Language_Prolog,-5,was,developed in,early 1970s,-5,5,,
700000,0,1,Computer Science_Programming Language_Prolog,-5,was,developed by,Alain Colmerauer,104,5,,
700000,0,1,Computer Science_Programming Language_Prolog,-5,was,developed by,Philippe Roussel,105,5,,
700000,0,1,Computer Science_Programming Language_Prolog,-5,stands,for,Programming in Logic,-5,5,,
10000000,0,1,Computer Science_Programming Language_Prolog,-5,employs,,backtracking,-5,5,,
10000000,0,1,Computer Science_Programming Language_Prolog,-5,uses,,pattern matching,-5,5,,
10000000,0,1,Computer Science_Programming Language_Prolog,-5,has,,facts,-5,5,,
10000000,0,1,Computer Science_Programming Language_Prolog,-5,has,,rules,-5,5,,
10000000,0,1,Computer Science_Programming Language_Prolog,-5,has,,queries,-5,5,,
100000,0,1,Computer Science_Programming Language_Prolog_rules,-5,define,,logic implications,-5,5,,
1000000,0,1,Computer Science_Programming Language_Prolog_rules,-5,consists,of,head,-5,5,,
1000000,0,1,Computer Science_Programming Language_Prolog_rules,-5,consists,of,body,-5,5,,
1000000,0,1,Computer Science_Programming Language_Prolog_rules,-5,consists,of,separator :-,-5,5,,
10000,0,1,Computer Science_Programming Language_Prolog_queries,-5,seek,to find,solution,-5,5,,
1000000,0,1,Computer Science_Programming Language_Prolog,-5,has,various,applications,-5,5,,
1000000,0,1,Computer Science_Programming Language_Prolog,-5,includes,,Artificial Intelligence,-5,5,,
1000000,0,1,Computer Science_Programming Language_Prolog,-5,includes,,expert system,-5,5,,
1000000,0,1,Computer Science_Programming Language_Prolog,-5,includes,constraint satisfaction,problems,-5,5,,
